time.nist.gov,20298
smtp.gmail.com,13669
pool.ntp.org,11970
www.example.com,11792
www.example.net,11778
www.example.org,11772
www.samsungsmartcam.com,9961
babyws.withings.net,5671
netcom.netatmo.net,5385
sip.invoxia.com,4186
connect.insteon.com,4056
scalews.withings.net,3586
device-metrics-us.amazon.com,2355
api.pix-star.com,2281
www.belkin.com,1866
d3gjecg2uu2eaq.cloudfront.net,1862
208.1.168.192.in-addr.arpa,1307
1.0.0.127.dnsbugtest.1.0.0.127.in-addr.arpa,1298
aps1-relay.tplinkcloud.com,1097
api.pix-star.com.lan,1089
api.pix-star.com.#,1088
api.pix-star.com.wlan0,1087
http.00.a.sophosxl.net,1036
apicom.netatmo.net,729
connectivitycheck.gstatic.com,709
mobile.pipe.aria.microsoft.com,516
pindorama.amazon.com,496
uk.pool.ntp.org,416
www.meethue.com,387
devs.tplinkcloud.com,375
xmpp.samsungsmartcam.com,319
amzdigitaldownloads.edgesuite.net,299
mtalk.google.com,260
BCMLS2.glpals.com,236
clients3.google.com,233
imap.gmail.com,227
b.config.skype.com,220
android.clients.google.com,199
www.google.com,196
graph.facebook.com,193
a.config.skype.com,191
outlook.office365.com,176
www.google.com.au,171
api.samsungosp.com,156
browserchannel-docs.l.google.com,154
Dan-PC.lan,152
resolver.msg.xiaomi.net,147
sync-332-us-west-2.sync.services.mozilla.com,143
unsw.jamfcloud.com,141
star-mini.c10r.facebook.com,132
ssl.gstatic.com,126
az361816.vo.msecnd.net,119
apps.skype.com,118
www.googleapis.com,113
nexus.officeapps.live.com,110
tunnel.xbcs.net,109
play.googleapis.com,109
www.gstatic.com,109
plus.google.com,107
prod-w.nexus.live.com.akadns.net,104
ws.invoxia.io,101
api.evrythng.com,99
clients4.google.com,98
wpad.lan,96
unsw-elb-1711828486.us-east-1.elb.amazonaws.com,93
star.c10r.facebook.com,88
mail.google.com,86
b._dns-sd._udp.lan,84
db._dns-sd._udp.lan,84
lb._dns-sd._udp.lan,84
outlook-au.office365.com,82
s-usc1c-nss-117.firebaseio.com,78
api.tplinkra.com,75
tplinkkasa.firebaseio.com,75
_vpn._udp.netatmo.net,74
apis.google.com,74
woobe.hpeprint.com,72
play.google.com,70
scontent-syd1-1.xx.fbcdn.net,67
www.example.com.lan,66
lh3.googleusercontent.com,61
www.example.org.lan,60
mqtt.evrythng.com,60
accounts.google.com,60
sb.l.google.com,59
safebrowsing.google.com,59
clients6.google.com,58
fonts.gstatic.com,58
clients5.google.com,58
xbcs.net,58
client-cf.dropbox.com,56
clients1.google.com,56
0.client-channel.google.com,55
dzr-mcs-amzn-eu-west-1-9af7.upe.p.hmr.sophos.com,55
www.example.net.lan,54
googleads.g.doubleclick.net,54
lb._dns-sd._udp.0.1.168.192.in-addr.arpa,53
243.1.168.192.in-addr.arpa,53
db._dns-sd._udp.0.1.168.192.in-addr.arpa,52
client.dropbox.com,52
plus.l.google.com,52
b._dns-sd._udp.0.1.168.192.in-addr.arpa,52
xfe-prod-cg.aiqidii.com,52
settings.crashlytics.com,52
csi.gstatic.com,51
pindorama.amazon.com.lan,50
www.facebook.com,50
api.smoot.apple.com,48
www.apple.com,48
v2.broker.lifx.co,48
vpn.netatmo.net,48
xmpp006.hpeprint.com,48
www.googleadservices.com,48
www.youtube.com,48
chat.hpeprint.com,45
www3.l.google.com,45
api.smoot-apple.com.akadns.net,45
www.google-analytics.com,44
diary.ifttt.com,44
ssl.google-analytics.com,43
dp-gw-na-js.amazon.com,42
docs.google.com,42
apple.com,42
gspe1-ssl.ls.apple.com,41
LB-IM-07-826586616.ap-southeast-1.elb.amazonaws.com,41
1-courier.sandbox.push.apple.com,41
www.privatetunnel.com,40
safebrowsing.cache.l.google.com,40
config.edge.skype.com,39
prod.nexusrules.live.com.akadns.net,39
dc-na02-useast1.connect.smartthings.com,39
p44-caldav.icloud.com,38
safebrowsing-cache.google.com,38
2.android.pool.ntp.org,37
satellite-device-android.ifttt.com,37
www.outlook.com,36
1-courier.push.apple.com,35
147.172.154.195.in-addr.arpa,35
vpn.unsw.edu.au,35
www.riffsy.com,35
video-stats.l.google.com,34
notify.dropbox.com,34
fonts.googleapis.com,34
e6858.dscc.akamaiedge.net,34
globalping.gotinder.com,34
edge-mqtt.facebook.com,34
pop-apac-aus-courier.push-apple.com.akadns.net,33
s-0001.s-msedge.net,33
twitter.com,33
googlehosted.l.googleusercontent.com,33
238.179.154.195.in-addr.arpa,32
216.177.210.62.in-addr.arpa,32
api.accuweather.com,32
168.178.210.62.in-addr.arpa,31
e6987.a.akamaiedge.net,31
softwareupdates.amazon.com,31
173.199.154.195.in-addr.arpa,30
token.services.mozilla.com,30
162.37.171.149.in-addr.arpa,29
v6.netatmo.net,29
pubsub.pubnub.com,29
v5.netatmo.net,29
v4.netatmo.net,29
v2.netatmo.net,29
v0.netatmo.net,29
74.191.154.195.in-addr.arpa,29
v3.netatmo.net,29
v1.netatmo.net,29
id.google.com.au,28
satellite-messages-android.ifttt.com,28
xmpp.withings.net,28
ogs.google.com,28
p44-caldav-current.edge.icloud.apple-dns.net,28
h20593.www2.hp.com,28
bootstrap.upsight-api.com,27
nexusrules.officeapps.live.com,27
0.invoxia.pool.ntp.org,27
iptime.pix-star.com,27
e673.e9.akamaiedge.net,26
www.evernote.com,26
p20-calendars.icloud.com,25
clients2.google.com,25
decide.mixpanel.com,25
b.scorecardresearch.com,25
shavar.services.mozilla.com,25
block.dropbox.com,25
108.172.223.173.ip.03.a.sophosxl.net,25
portal.fb.com,25
bzrkgrzcyngrf.pbagrag.bssvpr.arg.w.03.a.sophosxl.net,25
DC.connect.smartthings.com,24
d1.sophosupd.com,24
nexus.dropcam.com,24
frontdoor.nest.com,24
dci.sophosupd.com,24
settings-win.data.microsoft.com,24
gs-loc.ls-apple.com.akadns.net,24
d2.sophosupd.com,24
clients.l.google.com,24
www.microsoft.com,23
android.googleapis.com,23
token.r53-2.services.mozilla.com,23
init-s01st.push.apple.com,22
client.v.dropbox.com,22
crl.microsoft.com,22
d.dropbox.com,22
transport02.rts08.iad01.production.nest.com,21
1.courier-sandbox-push-apple.com.akadns.net,21
video-syd1-1.xx.fbcdn.net,21
scontent.xx.fbcdn.net,21
service.game-mode.net,21
log-rts08-iad01.devices.nest.com,21
xmpp.samsungsmartcam.com.lan,21
outlook.com,21
api.optus.com.au,20
ipc.tplinkcloud.com,20
icecast.icecast.sbs.com.au,20
shavar.prod.mozaws.net,20
41.204.243.124.in-addr.arpa,20
platform.twitter.com,20
developer.invoxia.com,19
www.gravatar.com,19
staticxx.facebook.com,19
luci.subsignal.org,19
youtube-ui.l.google.com,18
encrypted-tbn3.gstatic.com,18
a1414.g4.akamai.net,18
client-lb.dropbox.com,18
tools.google.com,18
vortex-win.data.microsoft.com,18
55.140.69.52.in-addr.arpa,18
go.microsoft.com,18
apps.optusnet.com.au,18
nexusapi.dropcam.com,18
ajax.googleapis.com,18
ocos-office365-s2s.msedge.net,18
cs9.wac.phicdn.net,18
encrypted-tbn0.gstatic.com,17
dl-debug.dropbox.com,17
pubsubg.pubnub.com,17
encrypted-tbn2.gstatic.com,17
p20-calendars-current.edge.icloud.apple-dns.net,17
lh6.googleusercontent.com,17
devs.tplinkcloud.com.lan,16
init-p01st.push.apple.com,16
i.stack.imgur.com,16
captive.apple.com,16
sophos-1.hs.llnwd.net,16
play.l.google.com,16
people-pa.clients6.google.com,16
hangouts.google.com,16
sherratt.lan,16
sa6.tuisong.baidu.com,16
gmail.com,16
asia.pool.ntp.org,16
external-syd1-1.xx.fbcdn.net,16
connect.facebook.net,16
s.ytimg.com,16
www.bbc.co.uk,16
gs-loc.apple.com,16
wap.tplinkcloud.com,16
sy22p02sa.guzzoni-apple.com.akadns.net,15
e8218.dscb1.akamaiedge.net,15
configuration.apple.com,15
edge.quantserve.com,15
www.googletagmanager.com,15
aps1-wap.tplinkcloud.com,15
pagead2.googlesyndication.com,15
www.htc.com,15
secure-dir.livechatinc.com,15
www-google-analytics.l.google.com,15
encrypted-tbn1.gstatic.com,14
sr.symcd.com,14
qa.sockets.stackexchange.com,14
_nos._tcp.nos-avg.cz,14
lh5.googleusercontent.com,14
guru.avg.com,14
app.chat.xiaomi.net,14
crl.usertrust.com,14
drive.google.com,14
local,14
LB-IM-12-2017274345.ap-southeast-1.elb.amazonaws.com,14
lb.geo.office365.com,14
swscan.apple.com,14
193.195.9.61.ip.00.a.sophosxl.net,13
www.baidu.com,13
redirector.gvt1.com,13
static.adzerk.net,13
engine.adzerk.net,13
f3.mi-stat.gslb.mi-idc.com,13
flap-332-hf-jrfg-2.flap.freivprf.zbmvyyn.pbz.w.00.a.sophosxl.net,13
iptime.pix-star.com.lan,13
e5153.e9.akamaiedge.net,13
init.itunes.apple.com,13
49.194.9.61.ip.00.a.sophosxl.net,13
iptime.pix-star.com.wlan0,13
101.156.38.52.ip.00.a.sophosxl.net,13
iptime.pix-star.com.#,13
www.bbc.com,12
mybbc.files.bbci.co.uk,12
e3891.g.akamaiedge.net,12
a299.g.akamai.net,12
0.pool.ntp.org,12
play.itunes.apple.com,12
e5886.x.akamaiedge.net,12
ctf.download.avg.com,12
i.ytimg.com,12
3.invoxia.pool.ntp.org,12
cloudconfig.googleapis.com,12
media.samsungsmartcam.com,12
223.74.193.52.in-addr.arpa,12
i-43.b-42606.ut.bench.utorrent.com,12
stats.g.doubleclick.net,12
googleadapis.l.google.com,12
gstaticadssl.l.google.com,12
b-api.facebook.com,12
ocsp.digicert.com,12
au.archive.ubuntu.com,12
stackoverflow.com,12
googlemail.l.google.com,11
a1449.g.akamai.net,11
clc.stackoverflow.com,11
www.linkedin.com,11
cdn.sstatic.net,11
p44-ckdatabase.icloud.com,11
translate.googleapis.com,11
A.root-servers.net,11
streamback.ff.avast.com,11
i-32.b-42606.ut.bench.utorrent.com,11
addons.cdn.mozilla.net,11
fr.pool.ntp.org,11
arkhf.bssvprnccf.yvir.pbz.w.00.a.sophosxl.net,11
googleapis.l.google.com,11
widget.uservoice.com,10
www.mozilla.org,10
ocsp-ds.ws.symantec.com.edgekey.net,10
cdnjs.cloudflare.com,10
setup.download.avg.com,10
i-29.b-42606.ut.bench.utorrent.com,10
daisy.ubuntu.com,10
zas-api.avg.com,10
sa.tuisong.baidu.com,10
resolver.gslb.mi-idc.com,10
2-courier.sandbox.push.apple.com,10
i-139.b-42606.ut.bench.utorrent.com,10
api.accounts.firefox.com,10
macep.feedback.sophos.com,10
ocsp.comodoca.com,10
secure.globalsign.com,10
mobilytics.org,10
api.tuisong.baidu.com,10
fr-eqx-fwd-03.withings.com,9
a1670.g.akamai.net,9
tools.l.google.com,9
e-0009.e-msedge.net,9
ssum-sec.casalemedia.com,9
p44-ckdatabase-current.edge.icloud.apple-dns.net,9
ytstatic.l.google.com,9
cm.g.doubleclick.net,9
yt3.ggpht.com,9
1.client-channel.google.com,9
d1sp2sgy246t7c.cloudfront.net,9
unconf.adkmob.com,9
www.bbc.net.uk,9
s.youtube.com,9
todo-ta-g7g.amazon.com,9
facebook.com,9
pixel.facebook.com,9
com,9
_xmpp-client._tcp.xmpp.withings.net,9
,9
pins.amazon.com,9
gha.g.ebay.com,9
a1441.g4.akamai.net,9
b-graph.facebook.com,9
hafj.wnzspybhq.pbz.w.00.a.sophosxl.net,9
pyvrag-ps.qebcobk.pbz.w.00.a.sophosxl.net,9
guzzoni.apple.com,9
xp.apple.com,9
origin.guzzoni-apple.com.akadns.net,8
prod.bbc.map.fastlylb.net,8
fig.bbc.co.uk,8
support.mozilla.org,8
aus5.mozilla.org,8
a1784.g.akamai.net,8
e144.dscb.akamaiedge.net,8
static.bbc.co.uk,8
p19-buy.itunes-apple.com.akadns.net,8
p19-buy.itunes.apple.com,8
4-edge-chat.facebook.com,8
idsync.rlcdn.com,8
static.withings.com,8
syndication.twitter.com,8
gv.symcd.com,8
ew1.dms-gld.bigdata.ssp.samsung.com,8
www.googletagservices.com,8
lh4.googleusercontent.com,8
service.maxymiser.net,8
mail-attachment.googleusercontent.com,8
api.mobula.sdk.duapps.com,8
app.snapchat.com,8
download.stgeorge.com.au,8
www.pix-star.com,8
pixel.quantserve.com,8
e11.whatsapp.net,8
pki.google.com,8
bid.g.doubleclick.net,8
gg.google.com,8
au-odc.samsungapps.com,8
ss.symcd.com,8
ocsp.godaddy.com,8
nrc.tapas.net,8
code.jquery.com,8
ocsp2.globalsign.com,8
cdn1.evernote.com,8
61.33.173.54.ip.00.a.sophosxl.net,8
www.hp.com,8
itunes.apple.com.edgekey.net,8
bhgybbx.bssvpr365.pbz.w.00.a.sophosxl.net,8
balrog-aus5.r53-2.services.mozilla.com,8
api.parse.com,8
127.134.230.54.ip.00.a.sophosxl.net,8
ccc.hpeprint.com,8
commnat-cohort.ess.apple.com,8
commnat-main.ess.apple.com,8
olympia.prod.mozaws.net,7
photos-ugc.l.googleusercontent.com,7
a1205.g.akamai.net,7
content.cdn.viber.com,7
armmf.adobe.com,7
flap-332-hf-jrfg-2.flap.freivprf.zbmvyyn.pbz.w.03.a.sophosxl.net,7
101.156.38.52.ip.03.a.sophosxl.net,7
ytimg.l.google.com,7
dc.services.visualstudio.com,7
profile.accounts.firefox.com,7
dartmobileingress.optuszoo.com.au,7
10-courier.sandbox.push.apple.com,7
by2.uservoice.com,7
cdn.optimizely.com,7
ip-api.com,7
rts.mobula.sdk.duapps.com,7
r4---sn-55goxu-ntqe.gvt1.com,7
analytics.tplinkcloud.com,7
e9428.b.akamaiedge.net,7
api-glb-syd.smoot.apple.com,7
bolt.dropbox.com,7
sites.google.com,7
adserver.snapads.com,7
s3.amazonaws.com,7
www-googletagmanager.l.google.com,7
mclients.googleapis.com,7
gsp-ssl.ls.apple.com,7
a1638.g.akamai.net,7
pubads.g.doubleclick.net,7
i-35.b-42576.ut.bench.utorrent.com,7
pitangui.amazon.com,6
e10296.g.akamaiedge.net,6
search.bbc.co.uk,6
static.bbci.co.uk,6
search.files.bbci.co.uk,6
ichef.bbci.co.uk,6
homepage.files.bbci.co.uk,6
services.addons.mozilla.org,6
location.services.mozilla.com,6
code.jquery.netdna-cdn.com,6
domains.tumblr.com,6
wp20.host.pressdns.com,6
dl0p2rrksnwxa.cloudfront.net,6
mzl.la,6
7.courier-sandbox-push-apple.com.akadns.net,6
7-courier.sandbox.push.apple.com,6
e4578.b.akamaiedge.net,6
nav.files.bbci.co.uk,6
cmp.112.2o7.net,6
e6542.g.akamaiedge.net,6
www.telstra.com.au,6
www.ebay.com,6
e3924.g.akamaiedge.net,6
tinyurl.com,6
aws.amazon.com,6
e3485.g.akamaiedge.net,6
officeclient.microsoft.com,6
e7534.x.akamaiedge.net,6
wscont.apps.microsoft.com.edgesuite.net,6
newsroom.unsw.edu.au,6
ev.ocsp.quovadisglobal.com,6
lh3.ggpht.com,6
www.youtube-nocookie.com,6
compatexchange1.trafficmanager.net,6
gha.ebay.com,6
www-sites-opensocial.googleusercontent.com,6
client.akamai.com,6
graph-na02-useast1.api.smartthings.com,6
www.ihomeaudio.com,6
update.bittorrent.com,6
g.bing.com,6
av.update.avg.com,6
INFPLSM007.adtest.unsw.edu.au,6
google.com,6
8-courier.sandbox.push.apple.com,6
av.download.avg.com,6
ds.download.windowsupdate.com,6
devices.xbcs.net,6
46.docs.google.com,6
3-courier.sandbox.push.apple.com,6
13-courier.push.apple.com,6
wscont.apps.microsoft.com,6
as.eu.angsrvr.com,6
p.rfihub.com,6
ipv6.msftncsi.com,6
e6382.b.akamaiedge.net,6
oculus1170-vir.dropcam.com,6
tags.bluekai.com,6
ext-cust.squarespace.com,6
6-courier.sandbox.push.apple.com,6
isatap.lan,6
epicunitscan.info,6
youtube.com,6
r3---sn-55goxu-ntqe.googlevideo.com,6
mj89sp3sau2k7lj1eg3k40hkeppguj6j-a-sites-opensocial.googleusercontent.com,6
bcp.crwdcntrl.net,6
fw.adsafeprotected.com,6
sa.bbc.co.uk,6
security.ubuntu.com,6
calendar.google.com,6
www.ebay.com.au,6
shop.bbc.com,6
124.209.41.198.ip.00.a.sophosxl.net,6
jjj.erqqvgfgngvp.pbz.w.00.a.sophosxl.net,6
141.6.5.52.ip.00.a.sophosxl.net,6
webtuneup.avg.com,6
e7813.g.akamaiedge.net,6
ntp.ubuntu.com,6
start.ubuntu.com,6
hello.lan,6
hello,6
85.docs.google.com,6
su.itunes.apple.com,6
e2847.dspb.akamaiedge.net,6
s3-1-w.amazonaws.com,5
e6356.a.akamaiedge.net,5
www.gslb.salesforce.com,5
e9908.x.akamaiedge.net,5
39.docs.google.com,5
ssl-google-analytics.l.google.com,5
cdn-images.mailchimp.com,5
outlook.office.com,5
www.adobe.com,5
api.netatmo.net,5
osxapps.itunes.g.aaplimg.com,5
mt-ingestion-service-mr22.itunes-apple.com.akadns.net,5
sp.itunes-apple.com.akadns.net,5
tech.carematix.com,5
locprod1-elb-eu-west-1.prod.mozaws.net,5
device-api.urbanairship.com,5
ci5.googleusercontent.com,5
i9.ytimg.com,5
r2---sn-55goxu-ntqe.googlevideo.com,5
p.typekit.net,5
ci6.googleusercontent.com,5
referrer.disqus.com,5
gallery.mailchimp.com,5
prod.configsvc.live.com.akadns.net,5
sc-analytics.appspot.com,5
north-america.pool.ntp.org,5
oculus689-vir.dropcam.com,5
www.gnu.org,5
fonts.typekit.net,5
txn.ingest.crittercism.com,5
sumo.external.zlb.scl3.mozilla.com,5
a.disquscdn.com,5
r3---sn-55goxu-ntqe.gvt1.com,5
ci3.googleusercontent.com,5
1-edge-chat.facebook.com,5
i-1005.b-0.ad.bench.utorrent.com,5
dpm.demdex.net,5
www.nvidia.com,5
sb-ssl.google.com,5
analytics.twitter.com,5
19.8.119.111.ip.02.a.sophosxl.net,5
e10370.ksd.akamaiedge.net,5
bhgybbx.bssvpr365.pbz.w.03.a.sophosxl.net,5
s.w.org,5
gfwsl.geforce.com,5
gllto1.glpals.com,5
storage.googleapis.com,5
pr-bh.ybp.yahoo.com,5
pasta.esfile.duapps.com,5
image2.pubmatic.com,5
radarsubmissions.apple.com,5
6.courier-sandbox-push-apple.com.akadns.net,5
i1.ytimg.com,5
i.ebayimg.com,5
match.adsrvr.org,5
128.3.107.13.ip.03.a.sophosxl.net,5
awshaproxy-wac-153811387.us-east-1.elb.amazonaws.com,5
search.bbc.net.uk,5
www.meetup.com,5
32.docs.google.com,5
files.dropcam.com,5
23-courier.push.apple.com,5
log.client.akadns.net,5
services.gfe.nvidia.com,5
e11847.g.akamaiedge.net,5
links.services.disqus.com,5
pbasvt.rqtr.fxlcr.pbz.w.03.a.sophosxl.net,5
hafj.wnzspybhq.pbz.w.03.a.sophosxl.net,5
github.com,5
versioncheck.prod.mozaws.net,5
ocsp.godaddy.com.akadns.net,5
cdn.globalsigncdn.com,5
secure.livechatinc.com,5
dns.msftncsi.com,5
fnsroebjfvat.tbbtyr.pbz.w.00.a.sophosxl.net,5
lh5.ggpht.com,5
19.8.119.111.ip.00.a.sophosxl.net,5
mobile-api.ifttt.com,5
creativecommons.org,5
pagead.l.doubleclick.net,5
e16.whatsapp.net,5
video.xx.fbcdn.net,4
time-ios.apple.com,4
a486.w23.akamai.net,4
feelgrafix.com,4
dualstack.pinterest.map.fastlylb.net,4
a1945.g2.akamai.net,4
snippets-stats.external.zlb.scl3.mozilla.com,4
d2bnxibecyz4h5.cloudfront.net,4
d1z8fzjrhnltf0.cloudfront.net,4
mozorg.cdn.mozilla.net,4
d5nxst8fruw4z.cloudfront.net,4
advertising.bbcworldwide.com,4
incoming.telemetry.mozilla.org,4
versioncheck.addons.mozilla.org,4
addons.mozilla.org,4
firefox.lan,4
r2.sn-a5meknll.googlevideo.com,4
static.squarespace.com,4
cache.insteon.com,4
static1.squarespace.com,4
www.insteon.com,4
pagead46.l.doubleclick.net,4
p.static.ads-twitter.com,4
static.ads-twitter.com,4
outlook.office365.com.g.office365.com,4
kpmg.com.au,4
www.kpmg.com.au,4
lx-group.com.au,4
xmpro.com,4
a248.e.akamai.net,4
normandy.cdn.mozilla.net,4
tiles.r53-2.services.mozilla.com,4
search.r53-2.services.mozilla.com,4
img2.meetupstatic.com,4
44-courier.push.apple.com,4
init.ess.apple.com,4
tiles-cloudfront.cdn.mozilla.net,4
1.ptv-2qova-2syhpv-2s-3ofgbx-3qr7q037q97r4sq1sppr19o6o7sqs6s2qo.149.171.37.162.w.03.a.sophosxl.net,4
e7279.dsce9.akamaiedge.net,4
gn.symcd.com,4
ocsp.quovadisglobal.com,4
www-opensocial.googleusercontent.com,4
8.8.8.8.ip.03.a.sophosxl.net,4
mus.cisco.com,4
253.26.253.17.ip.00.a.sophosxl.net,4
api.weather.com,4
arkhfehyrf.bssvprnccf.yvir.pbz.w.03.a.sophosxl.net,4
store.office.com,4
sp.itunes.apple.com,4
e6.whatsapp.net,4
f.2.f.6.4.d.e.f.f.f.2.3.c.b.e.a.0.0.0.0.5.b.b.2.3.3.3.0.f.e.d.f.ip6.arpa,4
acroipm2.adobe.com,4
19-courier.push.apple.com,4
photos1.meetupstatic.com,4
34-courier.push.apple.com,4
partner.googleadservices.com,4
img1.meetupstatic.com,4
chat-gateway135-prod.chat.snapchat.com,4
combine.urbanairship.com,4
www.doubleclickbygoogle.com,4
itunes.apple.com,4
snippets-stats.mozilla.org,4
www.cisco.com,4
netdna.bootstrapcdn.com,4
widapygviujqv,4
4-courier.sandbox.push.apple.com,4
r16---sn-a5m7ln7y.googlevideo.com,4
pyvrag-ps.qebcobk.pbz.w.03.a.sophosxl.net,4
4.bp.blogspot.com,4
arkhf.bssvprnccf.yvir.pbz.w.02.a.sophosxl.net,4
cisco.us13.list-manage.com,4
ocsp.int-x3.letsencrypt.org,4
appload.ingest.crittercism.com,4
cdn.syndication.twimg.com,4
p01-swscan.apple.com.akadns.net,4
static.bbc.net.uk,4
i-32.b-42576.ut.bench.utorrent.com,4
1.hcqngr-2spngnybthr-2sfqqf-2rPRCAT-5sFCRPGEHZ-5s07-2r10-2rkzy.q1.fbcubfhcq.pbz.w.02.a.sophosxl.net,4
141.6.5.52.ip.03.a.sophosxl.net,4
safebrowsing.googleapis.com,4
ocsp.msocsp.com,4
lh4.ggpht.com,4
router.utorrent.com,4
ocsp.sca1b.amazontrust.com,4
i-43.b-42576.ut.bench.utorrent.com,4
bekowempadhg,4
search.services.mozilla.com,4
fpdownload.macromedia.com,4
xmabfdggwgxr,4
t.co,4
1.1.168.192.in-addr.arpa,4
image6.pubmatic.com,4
trc.taboola.com,4
static.ap.bittorrent.com,4
72.199.58.216.ip.01.a.sophosxl.net,4
www.dropbox.com,4
www.ubuntu.com,4
ssologin.unsw.edu.au,4
engine.bitmedianetwork.com,4
cdn.taboola.com,4
odc.officeapps.live.com,4
update.utorrent.com,4
self-repair.mozilla.org,4
gm.symcd.com,4
au.ff.avast.com,4
ci4.googleusercontent.com,4
init-p01md.apple.com,4
ads.contextweb.com,4
gurzrf.tbbtyrhfrepbagrag.pbz.w.00.a.sophosxl.net,4
ads.pubmatic.com,4
2.courier-sandbox-push-apple.com.akadns.net,4
update.utorrent.li,4
e6640.g.akamaiedge.net,4
c44-pxqngnonfr.vpybhq.pbz.w.03.a.sophosxl.net,4
3.bp.blogspot.com,4
cdn.ap.bittorrent.com,4
i-38.b-42606.ut.bench.utorrent.com,4
api.demandbase.com,4
pixel.everesttech.net,4
ucf.cloud.avg.com,4
174.25.217.172.ip.00.a.sophosxl.net,4
ib.adnxs.com,4
update.avg.com,4
cdn.bitmedianetwork.com,4
snowplow.canary.is,4
195.94.62.42.in-addr.arpa,4
g2.symcb.com,4
gt.symcd.com,4
uorjsmbqg,4
0.docs.google.com,4
patentimages.storage.googleapis.com,4
us-courier.push-apple.com.akadns.net,4
110.220.58.216.ip.00.a.sophosxl.net,4
snippets.cdn.mozilla.net,4
47-courier.push.apple.com,4
2-courier.push.apple.com,4
ir.ebaystatic.com,4
lh6.ggpht.com,4
help.ubuntu.com,4
ichef-bbci.bbc.net.uk,4
www.mozilla.org.cdn.cloudflare.net,4
files.logitech.com,4
unsw.us1.list-manage.com,4
q.qebcobk.pbz.w.00.a.sophosxl.net,4
awqewodjdwufsyj,4
www.salesforce.com,4
jjj.tbbtyrgntznantre.pbz.w.01.a.sophosxl.net,4
support.cdn.mozilla.net,4
omextemplates.content.office.net,4
tiles.services.mozilla.com,4
id.l.google.com,4
fr-on-vm-02-lxc-05.withings.net,4
evernote.com,4
config.nos-avg.cz,4
gsp10-ssl.ls.apple.com,4
fe2.update.microsoft.com,4
216.27.16.104.ip.00.a.sophosxl.net,4
shop.ubuntu.com,4
jjj.tbbtyr.pbz.w.00.a.sophosxl.net,4
s-media-cache-ak0.pinimg.com,4
e5842.g.akamaiedge.net,4
nginx.org,4
moodle.telt.unsw.edu.au,4
data.iana.org,4
push.services.mozilla.com,4
gspe35-ssl.ls.apple.com,4
snippets-stats.us-west.moz.works,4
ocsp.comodoca4.com,4
epguurxjikoxm,4
67.199.58.216.ip.00.a.sophosxl.net,4
gha.ebay.com.au,4
mtalk4.google.com,4
secure.gravatar.com,4
internalcheck.apple.com,4
showads.pubmatic.com,4
h10141.www1.hp.com,4
clientmetrics-pa.googleapis.com,3
2.north-america.pool.ntp.org,3
1.north-america.pool.ntp.org,3
wallpapercave.com,3
r16.sn-a5m7ln7y.googlevideo.com,3
www.paypalobjects.com,3
sumo-cdn.prod.mozaws.net,3
d31qbv1cthcecs.cloudfront.net,3
pipeline-tee-n-elb-1tsslcqosx8ko-1925318787.us-west-2.elb.amazonaws.com,3
d2whc86afeuiyy.cloudfront.net,3
r2.sn-55goxu-ntqe.googlevideo.com,3
nytm.org,3
ioecommunity.org,3
d6wjo2hisqfy2.cloudfront.net,3
shield-normandy-elb-prod-2099053585.us-west-2.elb.amazonaws.com,3
autopush.prod.mozaws.net,3
e7121.g.akamaiedge.net,3
a239.da1.akamai.net,3
acompli.helpshift.com,3
e3.whatsapp.net,3
prod4-api.acompli.net,3
253.66.253.17.ip.03.a.sophosxl.net,3
162.37.171.149.ip.03.a.sophosxl.net,3
www.commbank.com.au,3
twimgs.com,3
www.blackhat.com,3
atp-innovations.com.au,3
stats-public.grammarly.io,3
unsw.us13.list-manage.com,3
0.192.168.1.2.w.00.a.sophosxl.net,3
clientlog.portal.office.com,3
39-courier.push.apple.com,3
4.1o18sr00s2s17s4qp34s90650630n2n4n9s7s44prqnpnpp978886rsn884n013.858p0r741p235393648s24r07snqq0o444287439s3q249poorp2ro7sqpr3qrp.r8144p9s12s6qq740444ss5oqpr8576n89s806nsq1nson576p7r980snn361q9.1qq021r290612s0orq7.o26sop7os35pp42o.i.02.mac.sophosxl.net,3
3.1o19sr00s2s17s4qp34s90650630n2n4n9s7s44prqnpnpp978886rsn884n013.858p0r741p235393648s2s0508n30s39q8nr6s5rq7n44013037nq9535s8n5s2.q9431oqq23snq76573r3p46q83qr6344r6736n4ns970o9576p7r980sno.0p38pp960o850p4n5q68o3pr6pr41055ss68npn9.i.02.mac.sophosxl.net,3
3.1o19sr00s2s17s4qp34s90650630n2n4n9s7s44prqnpnpp978886rsn884n013.858p0r741p235393648s2s0508n30s39q8nr6s5rq7n44013037nq9535s8n5s2.q9431oqq23snq76573r3p46q83qr6344r6736n4ns970o9576p7r980sno.0p38pp960o850p4n5q68o3pr6pr41055ss68npn9.i.00.mac.sophosxl.net,3
0.0.0.0.0.0.0.0.0.0.0.0.0.0.0.0.0.0.0.0.0.0816459f741140a69fc8fb47c66bdeb32209ec7dcfe64a49975ead52eaa2831.b.f.00.mac.sophosxl.net,3
pbasvt.rqtr.fxlcr.pbz.w.00.a.sophosxl.net,3
128.3.107.13.ip.00.a.sophosxl.net,3
inst.platform.bing.com,3
34.164.245.132.ip.00.a.sophosxl.net,3
gsp-ssl.ls-apple.com.akadns.net,3
2.1.168.192.ip.00.a.sophosxl.net,3
e673.a.akamaiedge.net,3
lcdn-locator-usnkq.apple.com.akadns.net,3
49.194.9.61.ip.03.a.sophosxl.net,3
193.195.9.61.ip.03.a.sophosxl.net,3
docs.python.org,3
50-courier.push.apple.com,3
en.wikipedia.org,3
fe-prg005.nos-avg.cz,3
auth2.ff.avast.com,3
instagram.com,3
track.customer.io,3
munchkin.marketo.net,3
www.digitalocean.com,3
88.5.107.13.ip.03.a.sophosxl.net,3
prod4-files.acompli.net,3
api.segment.io,3
search.spotxchange.com,3
sb-ssl.l.google.com,3
s0.cyberciti.org,3
sync.mathtag.com,3
aa.agkn.com,3
937-eid-756.mktoresp.com,3
apresolve.spotify.com,3
3.courier-sandbox-push-apple.com.akadns.net,3
esdk-ffl.spotify.com,3
ad.turn.com,3
www-gm-opensocial.googleusercontent.com,3
s3.buysellads.com,3
253.26.253.17.ip.03.a.sophosxl.net,3
static.ak.facebook.com,3
c.microsoft.com,3
cyhf.tbbtyr.pbz.w.00.a.sophosxl.net,3
geofilter.storage.googleapis.com,3
sync.search.spotxchange.com,3
32-courier.push.apple.com,3
ad.atdmt.com,3
0.0.1.0.0.0.0.0.0.0.0.0.0.0.0.00.00.0816459f741140a69fc8fb47c66bdeb32209ec7dcfe64a49975ead52eaa2831.f.00.mac.sophosxl.net,3
x.bidswitch.net,3
www.pinterest.com,3
abgvsl.qebcobk.pbz.w.00.a.sophosxl.net,3
10.courier-sandbox-push-apple.com.akadns.net,3
csbi.htcsense.com,3
i-technet.sec.s-msft.com,3
81.94.154.204.ip.00.a.sophosxl.net,3
www.samsungsmartcam.com.lan,3
sync.1rx.io,3
d.agkn.com,3
use.typekit.net,3
i2-technet.sec.s-msft.com,3
static.parsely.com,3
sync.tidaltv.com,3
4.courier-sandbox-push-apple.com.akadns.net,3
o.guhzof.erqqvgzrqvn.pbz.w.00.a.sophosxl.net,3
cse.google.com,3
sync.adaptv.advertising.com,3
174.25.217.172.ip.01.a.sophosxl.net,3
images8.alphacoders.com,3
glitter.services.disqus.com,3
cdn.segment.com,3
dbhkt46el5ri0.cloudfront.net,3
nixcraft.wufoo.com,3
3.north-america.pool.ntp.org,3
125.26.253.17.ip.00.a.sophosxl.net,3
check.sanasecurity.com,3
track.eyeviewads.com,3
static.doubleclick.net,3
246.249.252.17.ip.00.a.sophosxl.net,3
ads.stickyadstv.com,3
images5.alphacoders.com,3
169.82.249.54.ip.02.a.sophosxl.net,3
samcm.ksmobile.com,3
1.hcqngr-2sp-2s08-2sp08o9r3678rs5rr5851r30o1on44845p-2rqng.qpv.fbcubfhcq.pbz.w.02.a.sophosxl.net,3
www.ozbargain.com.au,3
sync.adap.tv,3
js-agent.newrelic.com,3
disqus.com,3
det-ta-g7g.amazon.com,3
reddit.com,3
i.s-microsoft.com,3
rtd.tubemogul.com,3
1.hcqngr-2sp-2s08-2sp08o9r3678rs5rr5851r30o1on44845p-2rqng.qpv.fbcubfhcq.pbz.w.00.a.sophosxl.net,3
33-courier.push.apple.com,3
www.leanplum.com,3
162.145.100.40.ip.00.a.sophosxl.net,3
commnat-main.ess-apple.com.akadns.net,3
jjj.rireabgr.pbz.w.00.a.sophosxl.net,3
8.courier-sandbox-push-apple.com.akadns.net,3
c20-pnyraqnef.vpybhq.pbz.w.03.a.sophosxl.net,3
accounts.youtube.com,3
d23iz4esrwkib6.cloudfront.net,3
static.xx.fbcdn.net,3
61.33.173.54.ip.03.a.sophosxl.net,3
95.187.233.64.ip.00.a.sophosxl.net,3
ffy.tfgngvp.pbz.w.00.a.sophosxl.net,3
170.25.217.172.ip.00.a.sophosxl.net,3
cache.fastpokemap.se,3
drcwo519tnci7.cloudfront.net,3
fgngvp2.tybonyfvta.pbz.w.00.a.sophosxl.net,3
169.98.16.104.ip.00.a.sophosxl.net,3
fls-na.amazon.com,3
askubuntu.com,3
n.qvfdhfpqa.pbz.w.00.a.sophosxl.net,3
p44-keyvalueservice.icloud.com,3
funine.freivprf.zbmvyyn.pbz.w.00.a.sophosxl.net,3
pnyraqne.tbbtyr.pbz.w.00.a.sophosxl.net,3
yu3.tbbtyrhfrepbagrag.pbz.w.00.a.sophosxl.net,3
arkhfehyrf.bssvprnccf.yvir.pbz.w.00.a.sophosxl.net,3
3-edge-chat.facebook.com,3
1.hcqngr-2spngnybthr-2sfqqf-2rPRCAT-5sFCRPGEHZ-5s07-2r10-2rkzy.q1.fbcubfhcq.pbz.w.00.a.sophosxl.net,3
1.hcqngr-2spngnybthr-2sfqqf-2rIQO-5sfhcc-2rkzy.q2.fbcubfhcq.pbz.w.00.a.sophosxl.net,3
206.53.74.104.ip.00.a.sophosxl.net,3
8937406324.airable.io,3
web.vortex.data.microsoft.com,3
146.165.245.132.ip.00.a.sophosxl.net,3
e.crashlytics.com,3
79.docs.google.com,3
www.logitech.com,3
1.I3-2s01-2s178-2r163-2r245-2r132-2rvc-2s.uggc.00.n.fbcubfky.arg.w.01.a.sophosxl.net,3
updates.logitech.com,3
88.11.210.104.ip.00.a.sophosxl.net,3
e15.whatsapp.net,3
med.heyzap.com,3
api.fastpokemap.se,3
119.46.251.54.ip.00.a.sophosxl.net,3
bbc01.sitestat.com,3
code.google.com,3
oybpx.qebcobk.pbz.w.00.a.sophosxl.net,3
su.addthis.com,3
ps.eyeota.net,3
pix04.revsci.net,3
p.adsymptotic.com,3
249.52.101.151.ip.00.a.sophosxl.net,3
technet.microsoft.com,3
bpbf-bssvpr365-f2f.zfrqtr.arg.w.03.a.sophosxl.net,3
static.licdn.com,3
img.wallpaperfolder.com,3
prod.odcsm.live.com.akadns.net,3
dl-debug35.dropbox.com,2
www.hpconnected.com,2
vpn.netatmo.net.lan,2
time-ios.g.aaplimg.com,2
9-courier.push.apple.com,2
tri.privy.com,2
production-status-5-920190120.us-west-2.elb.amazonaws.com,2
events.privy.com,2
api.privy.com,2
z.webengage.co,2
c.webengage.com,2
images-na.ssl-images-amazon.com,2
payments.amazon.com,2
www.powr.io,2
secure.apps.shappify.com,2
s3-1.amazonaws.com,2
api-cdn.amazon.com,2
z15ba1d94a.webengage.co,2
static-na.payments-amazon.com,2
a.klaviyo.com,2
s.shopify.com,2
jwpltx.com,2
silktide.com,2
abcradiolivehls-lh.akamaihd.net,2
www.radioonline.vn,2
www.radioth.net,2
www.radio.com.lk,2
www.radiosingapore.org,2
www.radio.net.pk,2
www.radio.org.nz,2
www.ieradio.org,2
www.onlineradios.in,2
www.zhibo.fm,2
www.radiowebsites.org,2
abc-music-api.s3-website-ap-southeast-2.amazonaws.com,2
ssl.p.jwpcdn.com,2
music.abcradio.net.au,2
resize.abcradio.net.au,2
res.abc.net.au,2
e5970.g.akamaiedge.net,2
cdn.shopify.com,2
www.radioau.net,2
e9244.b.akamaiedge.net,2
js.live.net,2
www.pixelstalk.net,2
eskipaper.com,2
wallpaperscraft.com,2
wallpaperswide.com,2
freedomwallpaper.com,2
www.freedomwallpaper.com,2
www.animalhi.com,2
www.liveinternet.ru,2
yourkamagraguide.com,2
www.amazingwallpaperz.com,2
kurld.com,2
www.spyderonlines.com,2
www.freewallpaper-hd.com,2
global-pool.static.flickr.g00.yahoodns.net,2
farm1.staticflickr.com,2
www.national-geographic.pl,2
assets.natgeotv.com,2
swdist.apple.com,2
www.abc.net.au,2
r19---sn-ntq7yn7r.googlevideo.com,2
r6---sn-5hnednez.googlevideo.com,2
cdn.widgets.webengage.com,2
platform.linkedin.com,2
www.qqxxzx.com,2
www.chinasuppliers.globalsources.com,2
www.szcredit.com.cn,2
message.globalsources.com,2
www.sellproducts.globalsources.com,2
osrs.globalsources.com,2
lb-eu-west-1-1423117244.eu-west-1.elb.amazonaws.com,2
www.globalsources.com,2
162.145.100.40.ip.03.a.sophosxl.net,2
s.globalsources.com,2
v.l.globalsources.com,2
reecam.manufacturer.globalsources.com,2
macvendors.com,2
fig.bbc.net.uk,2
support.google.com,2
gizegydqpojawag.lan,2
rtgebnh.lan,2
www.radioonline.my,2
static-bbci.bbc.net.uk,2
ftp.mozilla.org,2
versioncheck-bg.addons.mozilla.org,2
ncv.fzbbg.nccyr.pbz.w.00.a.sophosxl.net,2
d3gvv5iecquak.cloudfront.net,2
surveygizmobeacon.s3.amazonaws.com,2
www.corporate.globalsources.com,2
www.accessfirefox.org,2
cdn.ozb.me,2
www.amazon.com,2
99pcwallpapers.com,2
www.ebay.vn,2
www.ebay.co.uk,2
www.gittigidiyor.com,2
www.ebay.co.th,2
www.ebay.ch,2
www.ebay.com.sg,2
www.ebay.pl,2
global.gmarket.co.kr,2
www.radionp.com,2
www.ebay.co.jp,2
www.ebay.ie,2
www.ebay.de,2
www.ebay.cn,2
groups.ebay.com,2
givingworks.ebay.com,2
ebay01.lithium.com,2
forums.ebay.com,2
announcements.ebay.com,2
www.ebaymainstreet.com,2
careers.ebayinc.com,2
investors.ebayinc.com,2
www.ebayinc.com,2
d2qz3m32f3k37p.cloudfront.net,2
www.stubhub.com,2
www.ebayclassifiedsgroup.com,2
blocklist.addons.mozilla.org,2
developer.ebay.com,2
www.ebaypartnernetwork.com,2
stores.ebay.com,2
pages.ebay.com,2
qu.ebay.com,2
srx.main.ebayrtm.com,2
www.live.ebay.com,2
cart.payments.ebay.com,2
deals.ebay.com,2
thumbs.ebaystatic.com,2
a1654.g.akamai.net,2
i1.ebayimg.com,2
srv.main.ebayrtm.com,2
a1166.g.akamai.net,2
rover.ebay.com,2
a220556afb093ef45543dd85125ce0742.profile.bom51.cloudfront.net,2
www.tamilwin.net,2
discovery.addons.mozilla.org,2
www.tamilfocus.com,2
www.shelvazug.com,2
lifestyle.lankasri.com,2
sports.lankasri.com,2
world.lankasri.com,2
bucket.lankasri.com,2
www.manithan.com,2
www.lankasrihelp.com,2
srv-2016-09-28-01.pixel.parsely.com,2
d1z2jf7jlzjs58.cloudfront.net,2
useronline.zofthost.com,2
assets.zoftcdn.com,2
www.tamilwin.com,2
old.tamilwin.com,2
www.ebay.se,2
ciscobinary.openh264.org,2
code.downthemall.net,2
www.downthemall.net,2
d26a57ydsghvgx.cloudfront.net,2
cdn.jsdelivr.net,2
p9.zdassets.com,2
evernotesupport.ssl.zendesk.com,2
help.evernote.com,2
widget.privy.com,2
packagecontrol.io,2
www.sublimetext.com,2
content.googleapis.com,2
i.123g.us,2
x.123g.us,2
dnssecure.nsatc.net,2
images2-p9e-opensocial.googleusercontent.com,2
r8---sn-ab5l6n7k.googlevideo.com,2
r2---sn-ntq7yn7y.googlevideo.com,2
prod.squarespace.map.fastlylb.net,2
tracking-protection.cdn.mozilla.net,2
lifx.ssl.zendesk.com,2
cs301.wpc.taucdn.net,2
us1.mailchimp.com,2
scontent-sit4-1.xx.fbcdn.net,2
r7---sn-ntq7yn7y.googlevideo.com,2
r9---sn-25ge7n7d.googlevideo.com,2
r10---sn-ntq7ynee.googlevideo.com,2
r3.sn-55goxu-ntqe.googlevideo.com,2
e6474.x.akamaiedge.net,2
www.cisco.com.akadns.net,2
www.lankasripoems.com,2
babelzilla.org,2
www.csiro.au,2
www.atlassian.com,2
www.lx-group.com.au,2
www.cylance.com,2
pop-esy1-alpha.www.linkedin.com,2
www.ioecommunity.org,2
photos2.meetupstatic.com,2
photos3.meetupstatic.com,2
www.ebay.in,2
Arunans-MBP.lan,2
cl2.apple.com,2
static.gc.apple.com,2
p44-quota-current.edge.icloud.apple-dns.net,2
gsa.apple.com.akadns.net,2
www.lankasri.fm,2
a1051.b.akamai.net,2
gsp10-ssl.ls-apple.com.akadns.net,2
1.JroBowrpgf-2sIPVavg-2rjbn-2sjn-2strgOnt.vavg.rff.nccyr.pbz.w.00.a.sophosxl.net,2
24.76.5.203.ip.00.a.sophosxl.net,2
bugs.downthemall.net,2
signin.ebay.com,2
market.android.com,2
www.ebay.at,2
p44-fmip-current.edge.icloud.apple-dns.net,2
time-osx.g.aaplimg.com,2
p44-fmip.icloud.com,2
time.apple.com,2
ae4f233c01690f2d59ea1601d1e6eae7d.profile.lax-m.cloudfront.net,2
eu2-scloud-proxy.ssp.samsungosp.com,2
login.windows.net,2
by.uservoice.com,2
e14.whatsapp.net,2
146.155.248.17.ip.03.a.sophosxl.net,2
130.165.245.132.ip.03.a.sophosxl.net,2
commnat-cohort.ess-apple.com.akadns.net,2
support.lifx.com,2
www.unsw.edu.au,2
www.atp-innovations.com.au,2
jjj.oynpxung.pbz.w.00.a.sophosxl.net,2
37.docs.google.com,2
zw89fc3fnh2x7yw1rt3x40uxrccthw6w-n-fvgrf-bcrafbpvny.tbbtyrhfrepbagrag.pbz.w.00.a.sophosxl.net,2
resolutioncenter.ebay.com,2
r4---sn-55goxu-ntqe.googlevideo.com,2
notification.adblockplus.org,2
web.whatsapp.com,2
cynl.tbbtyr.pbz.w.00.a.sophosxl.net,2
189.72.194.173.ip.00.a.sophosxl.net,2
nppbhagf.tbbtyr.pbz.w.00.a.sophosxl.net,2
jjj.tfgngvp.pbz.w.00.a.sophosxl.net,2
35.25.217.172.ip.00.a.sophosxl.net,2
1.I3-2s01-2s66-2r163-2r245-2r132-2rvc-2s.uggc.00.n.fbcubfky.arg.w.01.a.sophosxl.net,2
qb.boldapps.net,2
ursdutpnrrczub.lan,2
www.radioonline.co.id,2
c44-pxqngnonfr.vpybhq.pbz.w.00.a.sophosxl.net,2
173.155.248.17.ip.00.a.sophosxl.net,2
160.88.236.191.ip.00.a.sophosxl.net,2
193.172.160.108.ip.00.a.sophosxl.net,2
assets.privy.com,2
a1632.w7.akamai.net,2
1.courier-push-apple.com.akadns.net,2
1.pnpreg-2stfbetnavmngvbainyfun2t2e1-2rpeg.frpher.tybonyfvta.pbz.w.00.a.sophosxl.net,2
webengage-co-1890748997.us-east-1.elb.amazonaws.com,2
www.ebay.it,2
c19-ohl.vgharf.nccyr.pbz.w.00.a.sophosxl.net,2
79.66.154.17.ip.00.a.sophosxl.net,2
osxapps.itunes.apple.com,2
qy-qroht.qebcobk.pbz.w.02.a.sophosxl.net,2
gbxra.freivprf.zbmvyyn.pbz.w.03.a.sophosxl.net,2
pages.intl.g.ebay.com,2
templateservice.office.com,2
peoplegraph.firstpartyapps.oaspapps.com,2
osiprod-aue-ginger-000.cloudapp.net,2
osi-prod-ea01-firstpartapps.cloudapp.net,2
india.lankasri.com,2
bssvprpyvrag.zvpebfbsg.pbz.w.03.a.sophosxl.net,2
allsiteimages.lankasri.netdna-cdn.com,2
www.ebay.ca,2
swcdn.apple.com,2
ncv-tyo-flq.fzbbg.nccyr.pbz.w.03.a.sophosxl.net,2
evernote.s3.amazonaws.com,2
excelbingmap.firstpartyapps.oaspapps.com,2
_aaplcache3._tcp.lan,2
_aaplcache1._tcp.lan,2
_aaplcache2._tcp.lan,2
configuration.apple.com.edgekey.net,2
fullhdpictures.com,2
170.155.248.17.ip.03.a.sophosxl.net,2
1.pbasvthengvbaf-2scrc-2scvcryvar-2scvcryvar3-2rugzy.pbasvthengvba.nccyr.pbz.w.03.a.sophosxl.net,2
abgvsl.qebcobk.pbz.w.02.a.sophosxl.net,2
www.kallarai.com,2
addons-cdn-geo.prod.mozaws.net,2
sjc1-accesspoint-a67.ap.spotify.com,2
130.165.245.132.ip.02.a.sophosxl.net,2
www.internetradiouk.com,2
a122.g2.akamai.net,2
www.ebay.nl,2
pages.g.ebay.com,2
anywhere.ebay.com,2
cloudfront-labs.amazonaws.com,2
tfcr1-ffy.yf.nccyr.pbz.w.03.a.sophosxl.net,2
108.20.98.104.ip.03.a.sophosxl.net,2
168.155.248.17.ip.03.a.sophosxl.net,2
2.bp.blogspot.com,2
my.ebay.com,2
az416426.vo.msecnd.net,2
crl.godaddy.com,2
sjc1-accesspoint-a103.ap.spotify.com,2
www.verisign.com,2
ctldl.windowsupdate.com,2
upload.wikimedia.org,2
i-139.b-42576.ut.bench.utorrent.com,2
images.taboola.com,2
www.xmpro.com,2
static2.meetupstatic.com,2
e6148.g.akamaiedge.net,2
static-dev.shodan.io,2
78.199.58.216.ip.00.a.sophosxl.net,2
www.klaviyo.com,2
www.blogger.com,2
2.client-channel.google.com,2
login.globalsources.com,2
0.north-america.pool.ntp.org,2
external.xx.fbcdn.net,2
topic.lankasri.com,2
translate.google.com,2
realtime.services.disqus.com,2
docs.disqus.com,2
s.swiftypecdn.com,2
delivery.optimatic.com,2
161.25.217.172.ip.00.a.sophosxl.net,2
crl3.digicert.com,2
qjzijc56ymd5g.pybhqsebag.arg.w.00.a.sophosxl.net,2
piwik.tools.wp.nginx.com,2
www.nginx.com,2
stack.imgur.com.cdn.cloudflare.net,2
wiki.nginx.org,2
157.133.37.23.ip.00.a.sophosxl.net,2
evernotesupport.zendesk.com,2
wiki.mozilla.org,2
nginxlibrary.com,2
maps.gstatic.com,2
qsc.ec.quoracdn.net,2
cdn.mathjax.org,2
www.quora.com,2
fedoraproject.org,2
cm.send.microad.jp,2
idreg.cloudapps.cisco.com,2
d33wq5gej88ld6.cloudfront.net,2
elb-conversion-tracking-844142364.us-east-1.elb.amazonaws.com,2
jsdelivr3.dak.netdna-cdn.com,2
www.globalsign.com,2
1.ont.vavg-f01fg.chfu.nccyr.pbz.w.00.a.sophosxl.net,2
i3.ebayimg.com,2
gbxra.freivprf.zbmvyyn.pbz.w.00.a.sophosxl.net,2
omextemplates.content.office.net.edgekey.net,2
mozilla.org,2
superuser.com,2
ujdgzrexg.lan,2
www.top10datingsites.com.au,2
engdlws001.adtest.unsw.edu.au,2
ping.smyte.com,2
match.rtbidder.net,2
ocsp.comodoca2.com,2
ads.adaptv.advertising.com,2
s0.2mdn.net,2
ocs.ebay.com,2
apr.apache.org,2
gcc.gnu.org,2
httpd.apache.org,2
photos4.meetupstatic.com,2
archive.apache.org,2
zen.update.avg.com,2
www.lankasriconnect.com,2
fmw.update.avg.com,2
www.whatismyip.global,2
www.cyberciti.biz,2
dynamic-img.lankasri.netdna-cdn.com,2
static.hdw.eweb4.com,2
loadm.exelator.com,2
fmw.ocm.avg.com,2
stun.client.akadns.net,2
www.finder.com.au,2
global.ib-ibi.com,2
r1---sn-55goxu-ntqe.googlevideo.com,2
counter.yadro.ru,2
r18---sn-a5m7ln7d.gvt1.com,2
loadus.exelator.com,2
r2---sn-55goxu-ntqe.gvt1.com,2
zendesk.tv,2
c1.adform.net,2
tn.symcd.com,2
www.mininova.org,2
us.patch.battle.net,2
update.evernote.com,2
secure.meetup.com,2
sdk.streamrail.com,2
arkhf.bssvprnccf.yvir.pbz.w.03.a.sophosxl.net,2
ssp.streamrail.net,2
setup.update.avg.com,2
e4456.a.akamaiedge.net,2
e1.whatsapp.net,2
www.123greetings.com,2
znprc.srrqonpx.fbcubf.pbz.w.00.a.sophosxl.net,2
webradio.wyardgankema.netdna-cdn.com,2
a782.da1.akamai.net,2
i-29.b-42576.ut.bench.utorrent.com,2
arena.altitudeplatform.com,2
checkip.dyndns.org,2
www.twitter.com,2
ntracking.optimatic.com,2
r13---sn-nwj7km7d.googlevideo.com,2
35-courier.push.apple.com,2
swiss.lankasri.com,2
ib.ap.ib-ibi.com,2
www.bittorrent.com,2
d.ssl.shopify.com,2
publishers.disqus.com,2
hbf.cloud.avg.com,2
utclient.utorrent.com,2
vassg142.ocsp.omniroot.com,2
d1sjxl1k8yq824.cloudfront.net,2
d5p.de17a.com,2
clientupdates.dropboxstatic.com,2
r15---sn-4g57kne6.googlevideo.com,2
popup.taboola.com,2
maps.google.com,2
hafj.wnzspybhq.pbz.w.02.a.sophosxl.net,2
rtm.ebaystatic.com,2
store.hp.com,2
www.cineulagam.com,2
ocos-office365-s2s-msedge-net.e-0009.e-msedge.net,2
ell.stackexchange.com,2
23.43.85.52.ip.03.a.sophosxl.net,2
search.vuze.com,2
p.ebaystatic.com,2
ads.altitude-arena.com,2
125.26.253.17.ip.01.a.sophosxl.net,2
iawgggfzjre.lan,2
e8385.g.akamaiedge.net,2
dcky6u1m8u6el.cloudfront.net,2
c.statcounter.com,2
36.254.94.129.ip.03.a.sophosxl.net,2
glmkts.intl.g.ebay.com,2
wer.microsoft.com,2
router.bittorrent.com,2
i1.wp.com,2
aktrack.pubmatic.com,2
blog.meetup.com,2
sync.rhythmxchange.com,2
cdn.hiberniacdn.com,2
c44-pnyqni.vpybhq.pbz.w.03.a.sophosxl.net,2
84.237.46.207.ip.03.a.sophosxl.net,2
162.75.211.130.ip.00.a.sophosxl.net,2
openapp.io.mi.com,2
meta.wikimedia.org,2
158.91.192.173.ip.00.a.sophosxl.net,2
p44-quota.icloud.com,2
225.172.160.108.ip.03.a.sophosxl.net,2
c.123g.us,2
qsf.ec.quoracdn.net,2
101.156.38.52.ip.02.a.sophosxl.net,2
home.nest.com,2
bh.contextweb.com,2
bundles.bittorrent.com,2
ocsnext.ebay.com,2
login.wikimedia.org,2
js.maxmind.com,2
pd.npr.org,2
status.lifx.com,2
wu-calculator.apple.com,2
riragf.erqqvgzrqvn.pbz.w.00.a.sophosxl.net,2
i-1006.b-0.ad.bench.utorrent.com,2
tpc.googlesyndication.com,2
ihomeaudiointl.com,2
e5891.g.akamaiedge.net,2
www.ebay.com.tw,2
img.zoftcdn.com,2
s2.symcb.com,2
34.164.245.132.ip.03.a.sophosxl.net,2
fe-self007.nos-avg.cz,2
wikimedia.org,2
cdn3.optimizely.com,2
news.lankasri.com,2
video.bnmla.com,2
163.25.217.172.ip.00.a.sophosxl.net,2
96.27.166.108.ip.00.a.sophosxl.net,2
now.bt.co,2
apps.bittorrent.com,2
g.symcd.com,2
crl.comodoca.com,2
r8---sn-u2bpouxgoxu-ntqd.googlevideo.com,2
vast.ssp.optimatic.com,2
ssp.lkqd.net,2
cm.send.microadinc.com,2
login.live.com,2
1.hcqngr-2spngnybthr-2sfqqf-2rIQO-5sfhcc-2rkzy.q2.fbcubfhcq.pbz.w.02.a.sophosxl.net,2
about.downthemall.net,2
picasaweb.google.com,2
d1kcqmpwydzu00.cloudfront.net,2
gilbertsollars.com,2
tag.1rx.io,2
pgorelease.nianticlabs.com,2
api.dropboxapi.com,2
d2wy8f7a9ursnm.cloudfront.net,2
vid.pubmatic.com,2
dwmvwp56lzq5t.cloudfront.net,2
ics-radar.shodan.io,2
image4.pubmatic.com,2
qph.ec.quoracdn.net,2
uc705n0sr49op0.ybpny.w.02.a.sophosxl.net,2
cdn.scarabresearch.com,2
ci22.actonsoftware.com,2
cdn.optimatic.com,2
99.220.58.216.ip.00.a.sophosxl.net,2
ntp-g7g.amazon.com,2
t.lkqd.net,2
www.msftncsi.com,2
live.radioart.biz,2
scontent-sin6-1.xx.fbcdn.net,2
PIX-STAR-3BB85.lan,2
e5.whatsapp.net,2
45.6.196.82.ip.00.a.sophosxl.net,2
flap-332-hf-jrfg-2.flap.freivprf.zbmvyyn.pbz.w.02.a.sophosxl.net,2
api.smyte.com,2
www.ebay.es,2
opml.radiotime.com,2
imasdk.googleapis.com,2
24-courier.push.apple.com,2
www.ebay.fr,2
r4---sn-ntq7yn7s.gvt1.com,2
rtb.optimatic.com,2
vid.springserve.com,2
cdn.altitudeplatform.com,2
cdn.altitude-arena.com,2
cdn.springserve.com,2
www.geeksaresexy.net,2
partners.tremorhub.com,2
vff.cloud.avg.com,2
history.google.com,2
dmd.metaservices.microsoft.com,2
sy.eu.angsrvr.com,2
h20565.www2.hp.com,2
b.thumbs.redditmedia.com,2
collector.abc-host.net.au,2
telemetry.battle.net,2
46.199.58.216.ip.00.a.sophosxl.net,2
i1.services.social.microsoft.com,2
h20180.www2.hp.com,2
0-edge-chat.facebook.com,2
5-edge-chat.facebook.com,2
1.ont.vavg-f01fg.chfu.nccyr.pbz.w.02.a.sophosxl.net,2
time.windows.com,2
www.perl.org,2
www.ebay.com.my,2
rover.ebay.com.au,2
maps.googleapis.com,2
createunsw.us5.list-manage.com,2
193.195.9.61.ip.01.a.sophosxl.net,2
219.76.5.203.ip.00.a.sophosxl.net,2
70.138.188.17.ip.02.a.sophosxl.net,2
www.ebay.ph,2
bhgybbx.pbz.w.00.a.sophosxl.net,2
jfgbixamegkfhmy.lan,2
engine.a.redditmedia.com,2
cdn.natgeotv.com.au,2
1.ont.vavg-c01fg.chfu.nccyr.pbz.w.02.a.sophosxl.net,2
46.25.217.172.ip.02.a.sophosxl.net,2
154.214.41.198.ip.00.a.sophosxl.net,2
yieldifycore-env.elasticbeanstalk.com,2
wf.znkzvaq.pbz.w.00.a.sophosxl.net,2
sync-xi.getpostman.com,2
34.164.245.132.ip.02.a.sophosxl.net,2
175.82.249.54.ip.00.a.sophosxl.net,2
redditmedia.com.cdn.cloudflare.net,2
fr-ovh-fwd-03.withings.net,2
download.aircrack-ng.org,2
11-courier.push.apple.com,2
animalwall.xyz,2
api.dropbox.com,2
media.licdn.com,2
0.gravatar.com,2
ssif1.globalsign.com,2
153.36.16.52.ip.02.a.sophosxl.net,2
82.124.189.207.ip.00.a.sophosxl.net,2
analytics.ff.avast.com,2
e4937.d.akamaiedge.net,2
21-courier.push.apple.com,2
lae-lb-tx-dr-ext.cloudapps.cisco.com,2
e10.whatsapp.net,2
textsecure-service.whispersystems.org,2
www.telerik.com,2
25.docs.google.com,2
cc.swiftype.com,2
e7.whatsapp.net,2
jjj.tbbtyr.pbz.w.01.a.sophosxl.net,2
lens-storage.storage.googleapis.com,2
apm.crittercism.com,2
www.surveygizmo.com,2
1.ubgfcbg-2qqrgrpg-2rugzy.pncgvir.nccyr.pbz.w.02.a.sophosxl.net,2
240.19.35.52.ip.00.a.sophosxl.net,2
171.82.249.54.ip.00.a.sophosxl.net,2
226.164.245.132.ip.03.a.sophosxl.net,2
bhgybbx.bssvpr365.pbz.w.02.a.sophosxl.net,2
a166.q.akamai.net,2
146.165.245.132.ip.03.a.sophosxl.net,2
46.199.58.216.ip.02.a.sophosxl.net,2
cdn.livechatinc.com,2
mosthdwallpapers.com,2
www.radio.org.ph,2
_aaplcache._tcp.lan,2
19.8.119.111.ip.03.a.sophosxl.net,2
geo.yieldify.com,2
www.lankasri.com,2
ocsp.entrust.net,2
49.194.9.61.ip.01.a.sophosxl.net,2
141.6.5.52.ip.01.a.sophosxl.net,2
init.gc.apple.com,2
community.lifx.com,2
152.184.211.66.ip.01.a.sophosxl.net,2
cc.ebay.com,2
3.17.125.162.ip.00.a.sophosxl.net,2
lcdn-locator.apple.com,2
easylist-downloads.adblockplus.org,2
jjj.tbbtyr.pbz.nh.w.01.a.sophosxl.net,2
ffy.tfgngvp.pbz.w.01.a.sophosxl.net,2
s.zkcdn.net,2
yu3.tbbtyrhfrepbagrag.pbz.w.01.a.sophosxl.net,2
ncvf.tbbtyr.pbz.w.01.a.sophosxl.net,2
shopify.privy.com,2
www.be.unsw.edu.au,2
us1.siteimprove.com,2
134.52.101.151.ip.00.a.sophosxl.net,2
h30434.www3.hp.com,2
qbjaybnqf.tybonyfvta.pbz.w.00.a.sophosxl.net,2
query.ess.apple.com,2
e7641.g.akamaiedge.net,2
snprobbx.pbz.w.00.a.sophosxl.net,2
binwalk.org,2
_aaplcache4._tcp.lan,2
130.165.245.132.ip.00.a.sophosxl.net,2
ihomeaudio.com,2
insteon.com,2
jjj.vubzrnhqvb.pbz.w.00.a.sophosxl.net,2
cloud.typography.com,2
e7100.g.akamaiedge.net,2
127.134.230.54.ip.03.a.sophosxl.net,2
recommender.scarabresearch.com,2
e8698.g.akamaiedge.net,2
downthemall.net,2
27.139.37.23.ip.00.a.sophosxl.net,2
app.yieldify.com,2
configusa.veinteractive.com,2
cdn1.evernote.com.edgekey.net.globalredir.akadns.net,2
appsapiusa.veinteractive.com,2
help.disqus.com,2
cookieu2.veinteractive.com,2
v-u2-cookie.eastus2.cloudapp.azure.com,2
bash.cyberciti.biz,2
seal-newjersey.bbb.org,2
39.135.192.54.ip.00.a.sophosxl.net,2
match.adsby.bidtheatre.com,2
assets.pinterest.com,2
a.volvelle.tech,2
static1.meetupstatic.com,2
gsa.apple.com,2
pyvragf4.tbbtyr.pbz.w.00.a.sophosxl.net,2
geolocation-prod-docker.eu-west-1.elasticbeanstalk.com,2
dimg.zoftcdn.com,2
113.135.192.54.ip.00.a.sophosxl.net,2
www.reddit.com,2
134.85.156.104.ip.00.a.sophosxl.net,2
tch459445.tch.quora.com,2
out.reddit.com,2
www.redditstatic.com,2
i2.ebayimg.com,2
redditstatic.com.cdn.cloudflare.net,2
pixel.redditmedia.com,2
49.107.20.52.ip.00.a.sophosxl.net,2
events.redditmedia.com,2
cvkry.erqqvgzrqvn.pbz.w.00.a.sophosxl.net,2
signin.g.ebay.com,2
www.redditmedia.com,2
metrics.brightcove.com,2
radio.abc.net.au,2
vmweb.net,2
static2.globalsign.com,2
cdn.webrad.io,2
47.38.16.104.ip.00.a.sophosxl.net,2
1.tfqbznvainyfun2t2.bpfc2.tybonyfvta.pbz.w.00.a.sophosxl.net,2
downloads.globalsign.com,2
globalsigncom.disqus.com,2
prod.b.ssl.global.fastlylb.net,2
e6987.e9.akamaiedge.net,2
srv-2016-09-28-01.config.parsely.com,2
168.232.18.117.ip.00.a.sophosxl.net,2
pqa.yvirpungvap.pbz.w.00.a.sophosxl.net,2
tybonyfvtapbz.qvfdhf.pbz.w.00.a.sophosxl.net,2
flap-332-hf-jrfg-2.flap.freivprf.zbmvyyn.pbz.w.01.a.sophosxl.net,2
183.68.127.216.ip.00.a.sophosxl.net,2
qvfdhf.pbz.w.00.a.sophosxl.net,2
external-svc.dal05.swiftype.com,2
pp.fjvsglcr.pbz.w.00.a.sophosxl.net,2
certificates.godaddy.com,2
22-courier.push.apple.com,2
themes.googleusercontent.com,2
www.avgthreatlabs.com,2
prod.f.ssl.us-eu.fastlylb.net,2
68.68.127.216.ip.00.a.sophosxl.net,2
www.apache.org,2
www.close5.com,2
program.abcradio.net.au,2
a1158.b.akamai.net,2
tech.lankasri.com,2
www.ebay.com.hk,2
246.28.101.151.ip.02.a.sophosxl.net,2
243.212.210.104.ip.00.a.sophosxl.net,2
242.1.168.192.in-addr.arpa,2
172.82.249.54.ip.00.a.sophosxl.net,2
ad.lkqd.net,2
169.82.249.54.ip.00.a.sophosxl.net,2
chofho.choaho.pbz.w.00.a.sophosxl.net,2
cdn.ywxi.net,2
33.76.5.203.ip.02.a.sophosxl.net,2
mesg.ebay.com,2
176.155.248.17.ip.00.a.sophosxl.net,2
radar.cedexis.com,2
c44-pnyqni.vpybhq.pbz.w.00.a.sophosxl.net,2
livehdwallpaper.com,2
162.162.245.132.ip.00.a.sophosxl.net,2
cloud.yeelight.com,2
community.ebay.com,2
cherry.mi-ae.com.cn,2
app.netatmo.net,2
ocsp.usertrust.com,2
service.gc.apple.com,2
d2y5sf6hri1pgj.cloudfront.net,2
imap.gmail.com.lan,2
www.shodan.io,2
pixeltrack.eyeviewads.com,2
static.shodan.io,2
exploits.shodan.io,2
account.shodan.io,2
60.189.16.50.ip.01.a.sophosxl.net,2
ocsp.apple.com,2
212.76.5.203.ip.00.a.sophosxl.net,2
jjj.erqqvgzrqvn.pbz.w.00.a.sophosxl.net,2
production-analytics-collector-592917094.us-east-1.elb.amazonaws.com,2
1.i2-2sgenpxre.zrgevpf.oevtugpbir.pbz.w.01.a.sophosxl.net,2
viv.ebay.com,2
66.26.5.52.ip.03.a.sophosxl.net,2
unix.stackexchange.com,2
d2gon4a28k2gjc.cloudfront.net,2
www.thingworx.com,2
bam.nr-data.net,2
img03.en25.com,2
data.adsrvr.org,2
jjj.tbbtyr.pbz.nh.w.00.a.sophosxl.net,2
extras.ubuntu.com,2
9-courier.sandbox.push.apple.com,2
v.fpqa.pb.w.02.a.sophosxl.net,2
42-courier.push.apple.com,2
78.10.113.40.ip.00.a.sophosxl.net,2
p.globalsources.com,2
1.172.160.108.ip.00.a.sophosxl.net,2
app-measurement.com,2
a.algovid.com,2
secure-gl.imrworldwide.com,2
101.156.38.52.ip.01.a.sophosxl.net,2
e9.whatsapp.net,2
making.meetup.com,2
api.github.com,2
246.249.252.17.ip.03.a.sophosxl.net,2
www.lifx.com,2
drive-thirdparty.googleusercontent.com,2
az725175.vo.msecnd.net,2
www.optus.com.au,2
l.sharethis.com,2
75.docs.google.com,2
t.sharethis.com,2
seg.sharethis.com,2
addons-discovery.cdn.mozilla.net,2
scm.ctnsnet.com,2
tag.crsspxl.com,2
13.docs.google.com,2
ws.sharethis.com,2
vpaid.pubmatic.com,2
e4.whatsapp.net,2
2-edge-chat.facebook.com,2
www.ebay.be,2
frpher.yvirpungvap.pbz.w.00.a.sophosxl.net,2
tch359728.tch.quora.com,2
p44-streams.icloud.com,2
support.hp.com,2
r2---sn-a5meknll.googlevideo.com,2
i3.services.social.microsoft.com,2
xdsi-prod-cg.aiqidii.com,2
fast.dell.demdex.net,2
171.82.249.54.ip.03.a.sophosxl.net,2
169.82.249.54.ip.03.a.sophosxl.net,2
api.mapbox.com,1
fastpokemap.se,1
api6.tuisong.baidu.com,1
fbcdn-profile-a.akamaihd.net,1
www.hpe.com,1
partner.hp.com,1
h41369.www4.hp.com,1
www.hpengage.com,1
government.hp.com,1
avatars0.githubusercontent.com,1
assets-cdn.github.com,1
gist.github.com,1
prn.lan,1
uzpawii.lan,1
mivndgspz.lan,1
security.stackexchange.com,1
lh5.google.com,1
lh4.google.com,1
www-onepick-opensocial.googleusercontent.com,1
lraijlijku.lan,1
tkfzjxjebqiwaft.lan,1
fr-on-fwd-01.withings.net,1
time.nist.gov.lan,1
hosted-vh2.discourse.org,1
wildcard.privy.com.herokudns.com,1
d2qbdhikaj2a5.cloudfront.net,1
e923.dscb.akamaiedge.net,1
platform-eb.twitter.com,1
h30261.www3.hp.com,1
cs28.wpc.thetacdn.net,1
d1jmq55n8v25q3.cloudfront.net,1
cs287.wac.edgecastcdn.net,1
freewallpaper-hd.com,1
6.d.7.5.e.6.0.3.c.2.3.9.0.2.8.c.0.0.0.0.5.b.b.2.3.3.3.0.f.e.d.f.ip6.arpa,1
e5977.e9.akamaiedge.net,1
096196745003c52568824957568a6b5f2e305cab.p.01.mac.sophosxl.net,1
partnerad.l.doubleclick.net,1
r19.sn-ntq7yn7r.googlevideo.com,1
111.46.251.54.ip.03.a.sophosxl.net,1
99.104.178.17.ip.03.a.sophosxl.net,1
f.4.d.8.5.4.5.8.2.0.d.a.9.c.1.5.0.0.0.0.5.b.b.2.3.3.3.0.f.e.d.f.ip6.arpa,1
e3691.g.akamaiedge.net,1
generic.external.zlb.scl3.mozilla.com,1
d34chcsvb7ug62.cloudfront.net,1
4.1o18sr00s2s17s4qp3357r611030n2n4n9s7s44prqnpnpp978886rsn884n013.858p0r741p235393648s21p65q4p61r9111s87o30s48p8pq33r0491qs3r76rp.s31o4n872ss0p0743252rn01rno0163ppnn947srq1nson576p7r980snn361q9.1qq021r290612s0orq7.o26sop7os35pp42o.i.02.mac.sophosxl.net,1
charity.g.ebay.com,1
096196745003c52568824957568a6b5f2e305cab.p.00.mac.sophosxl.net,1
ocsnext.g.ebay.com,1
gbp.ebay.triadretail.net,1
ebayinc.client.shareholder.com,1
res.g.ebay.com,1
viv.proxydns.ebay.us,1
edp.g.ebay.com,1
www.ebaypartnernetwork.g.ebay.com,1
stores.shop.g.ebay.com,1
qu.g.ebay.com,1
2542116.fls.doubleclick.net,1
cart.payments.ebay.g.ebay.com,1
my.g.ebay.com,1
ocs.g.ebay.com,1
rover.g.ebay.com,1
e9525.dsce16.akamaiedge.net,1
bootstrapcdn.jdorfman.netdna-cdn.com,1
unsw-mdl-prod.svc.netspot.com.au,1
shelvazug.com,1
23.43.85.52.ip.00.a.sophosxl.net,1
cs217.wac.deltacdn.net,1
d1zkz3k4cclnv6.cloudfront.net,1
api.xbcs.net,1
bdbbc02824d549f4277afdfdf5b81f4a7b6094a6.p.01.mac.sophosxl.net,1
096196745003c52568824957568a6b5f2e305cab.p.02.mac.sophosxl.net,1
r8.sn-ab5l6n7k.googlevideo.com,1
r2.sn-ntq7yn7y.googlevideo.com,1
fpbagrag-flq1-1.kk.sopqa.arg.w.02.a.sophosxl.net,1
r7.sn-ntq7yn7y.googlevideo.com,1
r9.sn-25ge7n7d.googlevideo.com,1
r15.sn-4g57kne6.googlevideo.com,1
bdbbc02824d549f4277afdfdf5b81f4a7b6094a6.p.03.mac.sophosxl.net,1
3.1o19sr00s2s17s4qp3716169ro30n2n4n9s7s44prqnpnpp978886rsn884n013.858p1r741p235393648s2rns0o51ss1n9859os5831o276q6s5rqsr16n809qp4.86752ss34q9sns0073r3p46q83qr6344r6736n4ns970o9576p7r980sno.8ns31n4s3p699466nss44o1899731rpq18qno963.i.02.mac.sophosxl.net,1
learning-klaviyo-692378542.us-east-1.elb.amazonaws.com,1
e2842.e9.akamaiedge.net,1
e5871.e9.akamaiedge.net,1
showme.htctouch.com,1
wu-nwk.apple.com.akadns.net,1
push.apple.com,1
p44-keyvalueservice-current.edge.icloud.apple-dns.net,1
25.76.5.203.ip.01.a.sophosxl.net,1
87.46.251.54.ip.01.a.sophosxl.net,1
25.226.132.17.ip.00.a.sophosxl.net,1
10.195.167.17.ip.00.a.sophosxl.net,1
c44-szvc.vpybhq.pbz.w.00.a.sophosxl.net,1
8.76.5.203.ip.00.a.sophosxl.net,1
78d78cbdee92940fde2b8016245abbaad0ece087.p.02.a.sophosxl.net,1
78d78cbdee92940fde2b8016245abbaad0ece087.p.00.a.sophosxl.net,1
173.82.249.54.ip.02.a.sophosxl.net,1
data.flurry.com,1
20-courier.push.apple.com,1
photos-thumb.dropbox.com,1
18-courier.push.apple.com,1
25-courier.push.apple.com,1
sc-auth.samsungosp.com,1
1.I3-2s01-2s253-2r66-2r253-2r17-2rvc-2s.uggc.00.n.fbcubfky.arg.w.03.a.sophosxl.net,1
196.0.94.129.ip.03.a.sophosxl.net,1
97.209.97.23.ip.03.a.sophosxl.net,1
q.qebcobk.pbz.w.03.a.sophosxl.net,1
221.220.114.104.ip.03.a.sophosxl.net,1
samcmsec.ksmobile.com,1
71.138.188.17.ip.03.a.sophosxl.net,1
1.ont.vavg-f01fg.chfu.nccyr.pbz.w.03.a.sophosxl.net,1
142.155.248.17.ip.03.a.sophosxl.net,1
121.246.152.54.ip.03.a.sophosxl.net,1
189.81.21.72.ip.03.a.sophosxl.net,1
73.41.98.104.ip.03.a.sophosxl.net,1
222.255.173.17.ip.03.a.sophosxl.net,1
55.252.252.17.ip.03.a.sophosxl.net,1
qme-zpf-nzma-rh-jrfg-1-9ns7.hcr.c.uze.fbcubf.pbz.w.03.a.sophosxl.net,1
172.82.249.54.ip.02.a.sophosxl.net,1
3.17.125.162.ip.02.a.sophosxl.net,1
config-server.touchbeam.com,1
e12.whatsapp.net,1
e4781.a.akamaiedge.net,1
transport04.rts23.iad01.production.nest.com,1
alt2-mtalk.google.com,1
35.76.5.203.ip.02.a.sophosxl.net,1
21.150.97.23.ip.00.a.sophosxl.net,1
117.218.76.13.ip.03.a.sophosxl.net,1
pnyraqne.tbbtyr.pbz.w.02.a.sophosxl.net,1
49.194.9.61.ip.02.a.sophosxl.net,1
63.90.20.52.ip.03.a.sophosxl.net,1
60791ae265451d5bcf4fef09f3ed00039918eae4.p.03.a.sophosxl.net,1
60791ae265451d5bcf4fef09f3ed00039918eae4.p.02.a.sophosxl.net,1
60791ae265451d5bcf4fef09f3ed00039918eae4.p.01.a.sophosxl.net,1
125.48.155.192.ip.00.a.sophosxl.net,1
67.17.217.172.ip.00.a.sophosxl.net,1
35.199.58.216.ip.00.a.sophosxl.net,1
jjj.gryfgen.pbz.nh.w.00.a.sophosxl.net,1
137.89.162.58.ip.00.a.sophosxl.net,1
0.32.qbpf.tbbtyr.pbz.w.00.a.sophosxl.net,1
ffy.tbbtyr-nanylgvpf.pbz.w.00.a.sophosxl.net,1
r13.sn-nwj7km7d.googlevideo.com,1
40.199.58.216.ip.00.a.sophosxl.net,1
68.199.58.216.ip.00.a.sophosxl.net,1
0.37.qbpf.tbbtyr.pbz.w.00.a.sophosxl.net,1
jjj-fvgrf-bcrafbpvny.tbbtyrhfrepbagrag.pbz.w.00.a.sophosxl.net,1
qbpf.tbbtyr.pbz.w.00.a.sophosxl.net,1
131.220.58.216.ip.00.a.sophosxl.net,1
tznvy.pbz.w.00.a.sophosxl.net,1
4.91.252.173.ip.00.a.sophosxl.net,1
173.25.217.172.ip.00.a.sophosxl.net,1
163.209.58.216.ip.00.a.sophosxl.net,1
142.220.58.216.ip.00.a.sophosxl.net,1
65.217.47.199.ip.00.a.sophosxl.net,1
65.172.160.108.ip.00.a.sophosxl.net,1
w4.web.whatsapp.com,1
d3cv4a9a9wh0bt.cloudfront.net,1
dyn.web.whatsapp.com,1
236.209.88.52.ip.00.a.sophosxl.net,1
116.116.99.23.ip.00.a.sophosxl.net,1
33.199.58.216.ip.00.a.sophosxl.net,1
0.192.168.1.143.w.00.a.sophosxl.net,1
143.1.168.192.ip.00.a.sophosxl.net,1
226.164.245.132.ip.00.a.sophosxl.net,1
81.46.251.54.ip.00.a.sophosxl.net,1
101.46.251.54.ip.00.a.sophosxl.net,1
101.46.251.54.ip.03.a.sophosxl.net,1
7faac5f321d1ddf0ea8f0668e2f58fe9533ba1d8.p.03.a.sophosxl.net,1
7faac5f321d1ddf0ea8f0668e2f58fe9533ba1d8.p.02.a.sophosxl.net,1
7faac5f321d1ddf0ea8f0668e2f58fe9533ba1d8.p.01.a.sophosxl.net,1
p45-contacts.icloud.com,1
13.client-channel.google.com,1
p45-keyvalueservice.icloud.com,1
ax.itunes.apple.com,1
69.193.101.151.ip.00.a.sophosxl.net,1
api.flipboard.com,1
69.1.101.151.ip.00.a.sophosxl.net,1
129.32.125.162.ip.02.a.sophosxl.net,1
e338bffd6563c7fd9835f888f1cae756ec0cf193.p.03.mac.sophosxl.net,1
e338bffd6563c7fd9835f888f1cae756ec0cf193.p.02.mac.sophosxl.net,1
e338bffd6563c7fd9835f888f1cae756ec0cf193.p.00.mac.sophosxl.net,1
129.20.98.104.ip.02.a.sophosxl.net,1
gbbyf.tbbtyr.pbz.w.00.a.sophosxl.net,1
44.109.99.23.ip.00.a.sophosxl.net,1
fnsroebjfvat.tbbtyr.pbz.w.03.a.sophosxl.net,1
34.17.245.132.ip.00.a.sophosxl.net,1
43.224.1.52.ip.00.a.sophosxl.net,1
144.198.215.104.ip.00.a.sophosxl.net,1
66.163.245.132.ip.00.a.sophosxl.net,1
142.78.201.52.ip.00.a.sophosxl.net,1
207.121.99.23.ip.00.a.sophosxl.net,1
radiowebsites.org,1
242.134.1.52.ip.00.a.sophosxl.net,1
70.138.188.17.ip.00.a.sophosxl.net,1
65.69.58.45.ip.00.a.sophosxl.net,1
103.168.122.40.ip.00.a.sophosxl.net,1
80.155.236.191.ip.00.a.sophosxl.net,1
29.151.117.40.ip.00.a.sophosxl.net,1
28.26.52.65.ip.00.a.sophosxl.net,1
0.0.1.0.1.0.0.0.0.0.0.8.0.0.0.0.0.0.0.0.0.0816459f741140a69fc8fb47c66bdeb32209ec7dcfe64a49975ead52eaa2831.b.f.03.mac.sophosxl.net,1
0.0.7.0.0.0.0.0.8.2.4.0.0.0.9.03.02.0816459f741140a69fc8fb47c66bdeb32209ec7dcfe64a49975ead52eaa2831.f.03.mac.sophosxl.net,1
gbbyf.tbbtyr.pbz.w.02.a.sophosxl.net,1
ypqa-ybpngbe.nccyr.pbz.w.02.a.sophosxl.net,1
38.232.146.17.ip.02.a.sophosxl.net,1
srv.g.ebay.com,1
21.150.97.23.ip.03.a.sophosxl.net,1
160.88.236.191.ip.02.a.sophosxl.net,1
cynl.vgharf.nccyr.pbz.w.02.a.sophosxl.net,1
r6.sn-5hnednez.googlevideo.com,1
211.1.46.104.ip.00.a.sophosxl.net,1
vavg.vgharf.nccyr.pbz.w.00.a.sophosxl.net,1
29.40.74.104.ip.00.a.sophosxl.net,1
ncv-tyo-flq.fzbbg.nccyr.pbz.w.00.a.sophosxl.net,1
f76891606a2eda3b48d5edd1e67fd91953e13596.p.02.a.sophosxl.net,1
31-courier.push.apple.com,1
f76891606a2eda3b48d5edd1e67fd91953e13596.p.00.a.sophosxl.net,1
207.121.99.23.ip.03.a.sophosxl.net,1
112.154.32.52.ip.03.a.sophosxl.net,1
18.91.69.54.ip.03.a.sophosxl.net,1
osiprod-ea-plum-000.cloudapp.net,1
grzcyngrfreivpr.bssvpr.pbz.w.03.a.sophosxl.net,1
89.125.99.23.ip.03.a.sophosxl.net,1
17.149.61.168.ip.03.a.sophosxl.net,1
crbcyrtencu.svefgcneglnccf.bnfcnccf.pbz.w.03.a.sophosxl.net,1
rkpryovatznc.svefgcneglnccf.bnfcnccf.pbz.w.03.a.sophosxl.net,1
248.226.126.40.ip.03.a.sophosxl.net,1
c19-ohl.vgharf.nccyr.pbz.w.03.a.sophosxl.net,1
79.66.154.17.ip.03.a.sophosxl.net,1
fh.vgharf.nccyr.pbz.w.03.a.sophosxl.net,1
bqp.bssvprnccf.yvir.pbz.w.03.a.sophosxl.net,1
40.234.63.168.ip.03.a.sophosxl.net,1
1.I3-2s01-2s53-2r252-2r252-2r17-2rvc-2s.uggc.00.n.fbcubfky.arg.w.03.a.sophosxl.net,1
244.35.214.104.ip.03.a.sophosxl.net,1
fc.vgharf.nccyr.pbz.w.03.a.sophosxl.net,1
148.194.167.17.ip.03.a.sophosxl.net,1
29.40.74.104.ip.03.a.sophosxl.net,1
128.192.167.17.ip.03.a.sophosxl.net,1
149.194.167.17.ip.03.a.sophosxl.net,1
cynl.vgharf.nccyr.pbz.w.03.a.sophosxl.net,1
swcdn.g.aaplimg.com,1
3.ZSLjIXNQNtRNZR0jFmOWZNxTOFfBNjVnODNRSUDxSTpTa-252SKtzQ9rCucebTH.dIOI1OODOJnia3GbYJnMxL9oCVNqK1MUantVDUm-252OZDYwi1snnNl1lLM8dTt.k-253Q-253Q.fe.flzpq.pbz.w.03.a.sophosxl.net,1
27.139.37.23.ip.03.a.sophosxl.net,1
38.232.146.17.ip.03.a.sophosxl.net,1
127.134.230.54.ip.02.a.sophosxl.net,1
fjfpna.nccyr.pbz.w.03.a.sophosxl.net,1
22.1.164.17.ip.03.a.sophosxl.net,1
1.hcqngr-2sp-2s08-2sp08o9r3678rs5rr5851r30o1on44845p-2rqng.qpv.fbcubfhcq.pbz.w.03.a.sophosxl.net,1
25.206.252.198.ip.03.a.sophosxl.net,1
250.127.134.17.ip.03.a.sophosxl.net,1
175.155.248.17.ip.03.a.sophosxl.net,1
179.155.248.17.ip.03.a.sophosxl.net,1
79.45.74.104.ip.03.a.sophosxl.net,1
142.232.172.17.ip.03.a.sophosxl.net,1
141.6.5.52.ip.02.a.sophosxl.net,1
hpp12.passport.hp.com,1
20.30.68.194.ip.02.a.sophosxl.net,1
ncerfbyir.fcbgvsl.pbz.w.02.a.sophosxl.net,1
gjvztf.pbz.w.00.a.sophosxl.net,1
36.254.94.129.ip.02.a.sophosxl.net,1
m.facebook.com,1
cyhf.tbbtyr.pbz.w.02.a.sophosxl.net,1
253.4.102.23.ip.02.a.sophosxl.net,1
7faac5f321d1ddf0ea8f0668e2f58fe9533ba1d8.p.00.a.sophosxl.net,1
cyber-breeze.com,1
0.0.pyvrag-punaary.tbbtyr.pbz.w.01.a.sophosxl.net,1
nccfncvhfn.irvagrenpgvir.pbz.w.00.a.sophosxl.net,1
a771.dscq.akamai.net,1
wiki.hypexr.org,1
195.11.45.104.ip.01.a.sophosxl.net,1
176.155.248.17.ip.03.a.sophosxl.net,1
stackexchange.com,1
vavg.vgharf.nccyr.pbz.w.03.a.sophosxl.net,1
fatpenguinblog.com,1
fr-eqx-fwd-06.withings.com,1
sjc1-accesspoint-a107.ap.spotify.com,1
cdn.computerhope.com,1
36.70.13.31.ip.00.a.sophosxl.net,1
236.209.88.52.ip.03.a.sophosxl.net,1
r.turn.com,1
91.86.100.23.ip.00.a.sophosxl.net,1
ping.getadblock.com,1
advertising.gawker.com,1
pixel.mathtag.com,1
54.246.58.212.ip.00.a.sophosxl.net,1
e13.whatsapp.net,1
cdn.viglink.com,1
dn.fbpxrgf.fgnpxrkpunatr.pbz.w.03.a.sophosxl.net,1
track.gerust.nl,1
8.76.5.203.ip.02.a.sophosxl.net,1
hcxkscwj.lan,1
www.sharelatex.com,1
certifi.io,1
78d78cbdee92940fde2b8016245abbaad0ece087.p.03.a.sophosxl.net,1
ti.flzpq.pbz.w.00.a.sophosxl.net,1
r10.sn-ntq7ynee.googlevideo.com,1
lv.linkedin.com,1
img1.blogblog.com,1
www.peoriacounty.org,1
www.blogblog.com,1
click.watchjmp.com,1
174.25.217.172.ip.02.a.sophosxl.net,1
www.oac.uci.edu,1
68.68.0.52.ip.03.a.sophosxl.net,1
169.155.248.17.ip.02.a.sophosxl.net,1
fpdl.vimeocdn.com,1
serversforhackers.com,1
www.garron.me,1
securepubads.g.doubleclick.net,1
www.jllrealviews.com,1
26.34.215.118.ip.00.a.sophosxl.net,1
www.fulldls.com,1
prod.disqus.map.fastlylb.net,1
www.thelotter.com,1
www.bing.com,1
a19.dscg10.akamai.net,1
hosted-oswa.org,1
incapsula.evyy.net,1
secure.quantserve.com,1
2.f-2sthqrn-2si4-2siqdwojQnTPXDDtZzhD16VXPJplas-5spQkKjPYkvvkT1p.k-2rjbss2.sbagf.tfgngvp.pbz.w.00.a.sophosxl.net,1
125.82.253.17.ip.03.a.sophosxl.net,1
nginx.net,1
180.155.248.17.ip.03.a.sophosxl.net,1
trac.nginx.org,1
dk9ps7goqoeef.cloudfront.net,1
2-01-2a40-0017.cdx.cdxcn.net,1
www.dreamsyssoft.com,1
www.kennethreitz.org,1
api-public.addthis.com,1
www.boomeranggmail.com,1
www.ntp.org,1
s.videostep.com,1
1.docs.google.com,1
3.ozb.me,1
octopress.org,1
www.maxworkouts.com,1
luxuryescapes.com,1
110.17.217.172.ip.00.a.sophosxl.net,1
lifeinsurancecomparison.com.au,1
201.238.172.17.ip.02.a.sophosxl.net,1
16.193.60.179.ip.00.a.sophosxl.net,1
deals.g.ebay.com,1
qy-qroht.qebcobk.pbz.w.03.a.sophosxl.net,1
184.68.127.216.ip.00.a.sophosxl.net,1
kweb.videostep.com,1
www.ccmbenchmark.com,1
secure.ccm.net,1
pl.ccm.net,1
www.note.id.lv,1
it.ccm.net,1
43.224.1.52.ip.03.a.sophosxl.net,1
live.g.ebay.com,1
in.ccm.net,1
health.ccm.net,1
de.ccm.net,1
br.ccm.net,1
66.163.245.132.ip.03.a.sophosxl.net,1
forum.openwrt.org,1
pypi.python.org,1
gbbyf.tbbtyr.pbz.w.01.a.sophosxl.net,1
0.46.qbpf.tbbtyr.pbz.w.02.a.sophosxl.net,1
cdn.polyfill.io,1
131.17.125.162.ip.02.a.sophosxl.net,1
f.mxpqa.arg.w.00.a.sophosxl.net,1
netactview.sourceforge.net,1
2.pbqr-5serivfvbaf-2s000-2s000-2s118-2sbevtvany-2sbireynl-5s14727.24467-2rwf.q33jd5trw88yq6.pybhqsebag.arg.w.00.a.sophosxl.net,1
joomline.org,1
www.slavasoft.com,1
i.kinja-img.com,1
r16---sn-5hne6nls.googlevideo.com,1
140.29.101.151.ip.00.a.sophosxl.net,1
156.195.209.52.ip.00.a.sophosxl.net,1
trk-apse.tidaltv.com,1
www.pcre.org,1
wiki.apache.org,1
ow.ly,1
d1jynp0fpwn93a.cloudfront.net,1
ui.ff.avast.com,1
bpfc.qvtvpreg.pbz.w.01.a.sophosxl.net,1
smtrcs.redhat.com,1
sso.redhat.com,1
vitals.lifehacker.com,1
oss.maxcdn.com,1
1.83.255.178.ip.01.a.sophosxl.net,1
lifehacker.com,1
vivian.cs.ucla.edu,1
kinja.com,1
cyhf.tbbtyr.pbz.w.01.a.sophosxl.net,1
www.tldp.org,1
cdn.krxd.net,1
d2lx14ao1t3d4g.cloudfront.net,1
125.66.253.17.ip.00.a.sophosxl.net,1
226.66.154.17.ip.03.a.sophosxl.net,1
log-rts23-iad01.devices.nest.com,1
110.220.58.216.ip.01.a.sophosxl.net,1
www.wolframalpha.com,1
1.ont.vavg-c01zq.nccyr.pbz.w.02.a.sophosxl.net,1
blzddist1-a.akamaihd.net,1
example.com,1
fnsroebjfvat.tbbtyr.pbz.w.02.a.sophosxl.net,1
duckduckgo.com,1
common.duapps.com,1
fnsroebjfvat-pnpur.tbbtyr.pbz.w.01.a.sophosxl.net,1
cms.analytics.yahoo.com,1
ncv.nppbhagf.sversbk.pbz.w.03.a.sophosxl.net,1
nginxlibrary.disqus.com,1
3.nccyr-2qnffrgf-2qhf-2qfgq-2q000001-2sChecyr71-2si4-2s77-2spq-2s.nr-2s77pqnr48-2q4717-2q0s0n-2qnrs6-2q96po71s7509q-2szmcf1246180.330348686268-2rcxt.bfknccf.vgharf.nccyr.pbz.w.00.a.sophosxl.net,1
astatic.ccmbg.com,1
255.8.113.40.ip.02.a.sophosxl.net,1
3.ZSLjIXNQNtRNZR0jFmOWZNxTOFfBNjVnODNRSUDxSTpTa-252SKtzQ9rCucebTH.dIOI1OODOJnia3GbYJnMxL9oCVNqK1MUantVDGOiOqDxUxkZty5sngHOQPN-253.Q-253Q.fe.flzpq.pbz.w.03.a.sophosxl.net,1
static.olark.com,1
mesg.g.ebay.com,1
kr.ixiaa.com,1
php.lan,1
static.r66net.net,1
onlinehealth.wiki,1
4.12.76.40.ip.02.a.sophosxl.net,1
sublimetext.com,1
usermatch.krxd.net,1
e9706.dscg.akamaiedge.net,1
29.252.252.17.ip.02.a.sophosxl.net,1
www.techrepublic.com,1
www.quit.org.au,1
dms.netmng.com,1
scoopint.ezbattery.hop.clickbank.net,1
657450fad47564256248941610553bc0a4b16456.p.03.a.sophosxl.net,1
pcaps.phmc.org,1
paidcontent.smh.com.au,1
aikneumzxvwnfol.lan,1
pyvrag-ps.qebcobk.pbz.w.02.a.sophosxl.net,1
a.company-target.com,1
jjj.rireabgr.pbz.w.01.a.sophosxl.net,1
scqbjaybnq.znpebzrqvn.pbz.w.03.a.sophosxl.net,1
nrpc.olark.com,1
in.linkedin.com,1
production-klaviyo-689207442.us-east-1.elb.amazonaws.com,1
f76891606a2eda3b48d5edd1e67fd91953e13596.p.01.a.sophosxl.net,1
blog.animorphsfanforum.com,1
vq.tbbtyr.pbz.nh.w.00.a.sophosxl.net,1
manual-snort-org.s3-website-us-east-1.amazonaws.com,1
146.165.245.132.ip.02.a.sophosxl.net,1
243.65.20.104.ip.00.a.sophosxl.net,1
239.136.50.182.ip.00.a.sophosxl.net,1
snort.org,1
wiki.python.org,1
www.lightmusicdelight.com,1
fnsroebjfvat.tbbtyr.pbz.w.01.a.sophosxl.net,1
ypqa-ybpngbe.nccyr.pbz.w.03.a.sophosxl.net,1
36.254.94.129.ip.00.a.sophosxl.net,1
ler.websegura.net,1
29.237.18.117.ip.01.a.sophosxl.net,1
hg.mozilla.org,1
d2v7ubl2acex3g.cloudfront.net,1
myiptools.net,1
www.commentcamarche.net,1
clients4.google.com.lan,1
player.vimeo.com,1
150.232.172.17.ip.02.a.sophosxl.net,1
www.tp-link.com,1
cdn.georiot.com,1
color.lifx.com,1
level3.blizzard.com,1
www.statcounter.com,1
bhg.erqqvg.pbz.w.00.a.sophosxl.net,1
1.ubgfcbg-2qqrgrpg-2rugzy.pncgvir.nccyr.pbz.w.03.a.sophosxl.net,1
ad.crwdcntrl.net,1
aax.amazon-adsystem.com,1
travel2next.com,1
plarium.com,1
talk.google.com,1
179.201.63.168.ip.03.a.sophosxl.net,1
skillet.lifehacker.com,1
162.37.171.149.ip.00.a.sophosxl.net,1
201.67.253.17.ip.02.a.sophosxl.net,1
www.w3.org,1
jjj.tfgngvp.pbz.w.02.a.sophosxl.net,1
242.164.245.132.ip.00.a.sophosxl.net,1
nppbhagf.tbbtyr.pbz.w.02.a.sophosxl.net,1
edge.sharethis.com,1
deadspin.com,1
qy-qroht.qebcobk.pbz.w.00.a.sophosxl.net,1
delicious.com,1
2.f-2sthqrn-2si4-2swnlKoHfbs2SqZPUT3OEQRULuwoFcip47rr6kE-5s80Uaj.k-2rjbss2.sbagf.tfgngvp.pbz.w.00.a.sophosxl.net,1
161.25.217.172.ip.01.a.sophosxl.net,1
2.pbagrag-2sqbjaybnqf-2s06-2s08-2s031-2q61374-2s18kq41uf86mlw7ga4.amr4qyibsm7ji991d-2sznpBFVafgnyyreAbgvsvpngvba-5sTZ-2rcxt.fjpqa.nccyr.pbz.w.03.a.sophosxl.net,1
t.skimresources.com,1
resources.blogblog.com,1
static.ccm2.net,1
zw89fc3fnh2x7yw1rt3x40uxrccthw6w-n-fvgrf-bcrafbpvny.tbbtyrhfrepbagrag.pbz.w.02.a.sophosxl.net,1
static.chartbeat.com,1
3.1o19sr00s2s17s4qp3357r61r830n2n4n9s7s44prqnpnpp978886rsn884n013.858p1r741p235393648s2779016s1490po6pqs5s67542190q31o09503rro0n8.rs1o5n8o60no963473r3p46q83qr6344r6736n4ns970o9576p7r980sno.5r5nr28q1r505s3565p77n667p8pp27sq94n5pr2.i.02.mac.sophosxl.net,1
r2---sn-4g5e6ne6.googlevideo.com,1
19.82.79.40.ip.00.a.sophosxl.net,1
189.188.233.64.ip.03.a.sophosxl.net,1
piwik.go2linux.com,1
service.gc.apple.com.akadns.net,1
bdbbc02824d549f4277afdfdf5b81f4a7b6094a6.p.00.mac.sophosxl.net,1
61.100.63.168.ip.00.a.sophosxl.net,1
h20386.www2.hp.com,1
3.17.125.162.ip.03.a.sophosxl.net,1
tcpreplay.synfin.net,1
www.escapetravel.com.au,1
wildebeest.gnu.org,1
0.3-rqtr-pung.snprobbx.pbz.w.00.a.sophosxl.net,1
www.softpanorama.org,1
dokuwiki.org,1
theworldgame.sbs.com.au,1
sbagf.tbbtyrncvf.pbz.w.00.a.sophosxl.net,1
om.forgeofempires.com,1
www.scribd.com,1
ohafgvedj.lan,1
clients3.google.com.lan,1
national-geographic.pl,1
162.12.76.40.ip.00.a.sophosxl.net,1
1.acebkl-2sabgvsvpngvba-2si1-2strgAbgvsvpngvba.tun.ronl.pbz.nh.w.00.a.sophosxl.net,1
1.nwnkk-2syvof-2swdhrel-2s1-2r9-2r1-2swdhrel-2rzva-2rwf.nwnk.tbbtyrncvf.pbz.w.00.a.sophosxl.net,1
www.myspace.com,1
ad.doubleclick.net,1
tf-ybp.nccyr.pbz.w.03.a.sophosxl.net,1
www.cs.ucla.edu,1
manuals.konicaminolta.eu,1
wtfismyip.com,1
096196745003c52568824957568a6b5f2e305cab.p.03.mac.sophosxl.net,1
scontent-sjc2-1.xx.fbcdn.net,1
211.76.5.203.ip.01.a.sophosxl.net,1
2637611158.airable.io,1
www.math.utah.edu,1
www.websegura.net,1
conf.international.baidu.com,1
216.76.5.203.ip.00.a.sophosxl.net,1
216.76.5.203.ip.01.a.sophosxl.net,1
s984963819.t.eloqua.com,1
assets.customer.io,1
47.252.252.17.ip.02.a.sophosxl.net,1
176.155.248.17.ip.02.a.sophosxl.net,1
bnwtbnlagrf.lan,1
collector.githubapp.com,1
104.240.96.23.ip.00.a.sophosxl.net,1
edge.simplereach.com,1
225.172.160.108.ip.00.a.sophosxl.net,1
dev.twitter.com,1
play.googleapis.com.lan,1
thehackernews.com,1
27.252.252.17.ip.02.a.sophosxl.net,1
u.videostep.com,1
uav.tidaltv.com,1
es.ccm.net,1
e2.whatsapp.net,1
dx.steelhousemedia.com,1
0.13.qbpf.tbbtyr.pbz.w.02.a.sophosxl.net,1
61.33.173.54.ip.01.a.sophosxl.net,1
c20-pnyraqnef.vpybhq.pbz.w.02.a.sophosxl.net,1
news.surveycompare.net,1
computernetworkingnotes.com,1
cloud.lifx.com,1
arkhf.bssvprnccf.yvir.pbz.w.01.a.sophosxl.net,1
4.1o18sr00s2s17s4qp3716169ro30n2n4n9s7s44prqnpnpp978886rsn884n013.858p1r741p235393648s2p8pp2p043pn8qnnoo103p5s2692pr2o6504sqos7rp.86752ss34q9sns005o3pp76q83qr6344r79q7rpnq1nson576p7r980snn361q9.1qq021r290612s0orq7.n8ps8354s168po56.i.02.mac.sophosxl.net,1
sbagf.tfgngvp.pbz.w.00.a.sophosxl.net,1
97.220.58.216.ip.00.a.sophosxl.net,1
2.nggnpuzragf-2svzntrf-2s000-2s176-2s155-2sshyy-2svUbzrNhqvb-2q1o.k-2qQ-2rcat.q2tba4n28x2twp.pybhqsebag.arg.w.00.a.sophosxl.net,1
cn1.redswoosh.akadns.net,1
pool.optomaton.iponweb.net,1
195.11.45.104.ip.02.a.sophosxl.net,1
jezebel.com,1
1.hcqngr-2spngnybthr-2sfqqf-2rPRCAT-5sFCRPGEHZ-5s07-2r10-2rkzy.q1.fbcubfhcq.pbz.w.03.a.sophosxl.net,1
whatismyip.akamai.com,1
f3.mi-stat.gslb.mi-idc.com.lan,1
l.facebook.com,1
r.skimresources.com,1
www.computernetworkingnotes.com,1
250.255.255.239.ip.02.a.sophosxl.net,1
ping.chartbeat.net,1
222.254.173.17.ip.03.a.sophosxl.net,1
legal.kinja.com,1
hn.inspectlet.com,1
cdn.bizible.com,1
45.252.252.17.ip.03.a.sophosxl.net,1
lxfrpkkofyim.lan,1
3.193.60.179.ip.00.a.sophosxl.net,1
142.220.58.216.ip.02.a.sophosxl.net,1
vmp.boldchat.com,1
www.whatismyip.com,1
81.46.251.54.ip.03.a.sophosxl.net,1
255.134.46.207.ip.01.a.sophosxl.net,1
61.33.173.54.ip.02.a.sophosxl.net,1
125.82.253.17.ip.02.a.sophosxl.net,1
single.upsight-api.com,1
222.254.173.17.ip.01.a.sophosxl.net,1
www.miudossegurosna.net,1
media.readthedocs.org,1
c44-pnyqni.vpybhq.pbz.w.02.a.sophosxl.net,1
176.138.37.23.ip.03.a.sophosxl.net,1
match.rundsp.com,1
c.5.d.b.9.2.f.2.b.c.2.4.b.e.4.7.0.0.0.0.5.b.b.2.3.3.3.0.f.e.d.f.ip6.arpa,1
akamai.mathtag.com,1
tt.tbbtyr.pbz.w.00.a.sophosxl.net,1
1.hfreflap.zngpu.nqfol.ovqgurnger.pbz.w.00.a.sophosxl.net,1
158.232.172.17.ip.02.a.sophosxl.net,1
131.220.58.216.ip.02.a.sophosxl.net,1
www.linode.com,1
65.199.58.216.ip.00.a.sophosxl.net,1
ta.flzpq.pbz.w.00.a.sophosxl.net,1
qme-zpf-nzma-rh-jrfg-1-9ns7.hcr.c.uze.fbcubf.pbz.w.00.a.sophosxl.net,1
static.commentcamarche.net,1
static.r66net.com,1
www.fourmilab.ch,1
urllib3.readthedocs.io,1
linuxcommand.org,1
www.iflscience.com,1
android-market.l.google.com,1
218.76.5.203.ip.01.a.sophosxl.net,1
tfc-ffy.yf.nccyr.pbz.w.00.a.sophosxl.net,1
80.80.80.80.ip.02.a.sophosxl.net,1
zgrvrcprjekis.lan,1
p45-caldav.icloud.com,1
8.8.28.184.ip.03.a.sophosxl.net,1
e9343.dscg.akamaiedge.net,1
231.71.191.54.ip.00.a.sophosxl.net,1
152.184.211.66.ip.00.a.sophosxl.net,1
deals.kinja.com,1
gizmodo.com,1
1.cvkry-2rcat.pbbxvrh2.irvagrenpgvir.pbz.w.00.a.sophosxl.net,1
znvy.tbbtyr.pbz.w.00.a.sophosxl.net,1
geo-um.btrll.com,1
aofrxmlctvjn.lan,1
access.redhat.com,1
tvguho.pbz.w.01.a.sophosxl.net,1
c.amazon-adsystem.com,1
bs.serving-sys.com,1
s.skimresources.com,1
www.hypexr.org,1
animorphsfanforum.com,1
zzdclnpgswt.lan,1
ff.flzpq.pbz.w.00.a.sophosxl.net,1
ivqrb-flq1-1.kk.sopqa.arg.w.00.a.sophosxl.net,1
ccm.net,1
cml.ksmobile.com,1
vjs.zencdn.net,1
kotaku.com,1
hm.baidu.com,1
feeds.gawker.com,1
f76891606a2eda3b48d5edd1e67fd91953e13596.p.03.a.sophosxl.net,1
sjc1-accesspoint-a1.ap.spotify.com,1
d8rk54i4mohrb.cloudfront.net,1
webassets.mongodb.com,1
otakukart.com,1
secure-au.imrworldwide.com,1
96.158.171.149.ip.01.a.sophosxl.net,1
srv-2016-10-10-23.config.parsely.com,1
p.skimresources.com,1
qme-zpf-nzma-rh-jrfg-1-9ns7.hcr.c.uze.fbcubf.pbz.w.02.a.sophosxl.net,1
174.155.248.17.ip.02.a.sophosxl.net,1
sandbox.push.apple.com,1
108.20.98.104.ip.02.a.sophosxl.net,1
tfcr1-ffy.yf.nccyr.pbz.w.02.a.sophosxl.net,1
ajax.cloudflare.com,1
arkhfehyrf.bssvprnccf.yvir.pbz.w.02.a.sophosxl.net,1
200.146.215.104.ip.02.a.sophosxl.net,1
kc.nccyr.pbz.w.03.a.sophosxl.net,1
0.39.qbpf.tbbtyr.pbz.w.03.a.sophosxl.net,1
0.192.168.1.2.w.02.a.sophosxl.net,1
91.246.58.212.ip.02.a.sophosxl.net,1
fvgrf.tbbtyr.pbz.w.02.a.sophosxl.net,1
e8385.dscg.akamaiedge.net,1
35.199.58.216.ip.02.a.sophosxl.net,1
it.python-requests.org,1
2.1.168.192.ip.02.a.sophosxl.net,1
ffy.tfgngvp.pbz.w.02.a.sophosxl.net,1
ncvf.tbbtyr.pbz.w.02.a.sophosxl.net,1
qngn.vnan.bet.w.03.a.sophosxl.net,1
fvgrf.tbbtyr.pbz.w.00.a.sophosxl.net,1
78.199.58.216.ip.02.a.sophosxl.net,1
202.67.253.17.ip.02.a.sophosxl.net,1
www.neffos.com,1
readthedocs.org,1
qbpf.tbbtyr.pbz.w.02.a.sophosxl.net,1
153.36.16.52.ip.01.a.sophosxl.net,1
sbagf.tbbtyrncvf.pbz.w.02.a.sophosxl.net,1
77.199.58.216.ip.00.a.sophosxl.net,1
141.220.58.216.ip.02.a.sophosxl.net,1
1.bp.blogspot.com,1
155.153.46.207.ip.03.a.sophosxl.net,1
178.163.245.132.ip.00.a.sophosxl.net,1
pyvragf6.tbbtyr.pbz.w.02.a.sophosxl.net,1
28.26.52.65.ip.01.a.sophosxl.net,1
72.199.58.216.ip.02.a.sophosxl.net,1
253.26.253.17.ip.02.a.sophosxl.net,1
1.1.168.192.ip.02.a.sophosxl.net,1
54.236.187.54.ip.01.a.sophosxl.net,1
0.192.168.1.1.w.02.a.sophosxl.net,1
sjc1-accesspoint-a90.ap.spotify.com,1
znprc.srrqonpx.fbcubf.pbz.w.03.a.sophosxl.net,1
x.kinja-static.com,1
155.41.74.104.ip.03.a.sophosxl.net,1
181.29.68.194.ip.02.a.sophosxl.net,1
149.155.248.17.ip.02.a.sophosxl.net,1
172.155.248.17.ip.02.a.sophosxl.net,1
62.46.251.54.ip.02.a.sophosxl.net,1
86.30.68.194.ip.02.a.sophosxl.net,1
1.I3-2s01-2s39-2r252-2r252-2r17-2rvc-2s.uggc.00.n.fbcubfky.arg.w.02.a.sophosxl.net,1
sjc1-accesspoint-a86.ap.spotify.com,1
203.67.253.17.ip.03.a.sophosxl.net,1
gbxra.freivprf.zbmvyyn.pbz.w.01.a.sophosxl.net,1
110.220.58.216.ip.03.a.sophosxl.net,1
sjc1-accesspoint-a29.ap.spotify.com,1
fwk.allshareplay.com,1
d1ineyfc2jha98.cloudfront.net,1
45.232.110.17.ip.03.a.sophosxl.net,1
mevfxjqucpf.lan,1
57.104.240.91.ip.00.a.sophosxl.net,1
3.nccyr-2qnffrgf-2qhf-2qfgq-2q000001-2sChecyr62-2si4-2srq-2s3q-2s.8r-2srq3q8r87-2q09qn-2q2272-2qsp3n-2qo1678q8067n0-2svlc57436664.19479406275-2rcxt.bfknccf.vgharf.nccyr.pbz.w.02.a.sophosxl.net,1
us-iweb-fwd-01-lxc-04.withings.net,1
api-d.dropbox.com,1
ri.bpfc.dhbinqvftybony.pbz.w.00.a.sophosxl.net,1
fr-on-vm-02-lxc-03.withings.net,1
fr-on-fwd-03.withings.net,1
beacon.krxd.net,1
ping.taplytics.com,1
209.76.5.203.ip.01.a.sophosxl.net,1
developer.github.com,1
payments.google.com,1
blog.withings.com,1
bpfc.pbzbqbpn.pbz.w.01.a.sophosxl.net,1
com-withings.netmng.com,1
www.withings.com,1
nan.netmng.com,1
cdn.inspectlet.com,1
44.docs.google.com,1
srv-2016-10-10-23.pixel.parsely.com,1
www.oki.ch,1
sharethis.nexac.com,1
kada3.com,1
jp.python-requests.org,1
60791ae265451d5bcf4fef09f3ed00039918eae4.p.00.a.sophosxl.net,1
policy.service.studio-htc.com,1
17-courier.push.apple.com,1
1.hcqngr-2spngnybthr-2sfqqf-2rIQO-5sfhcc-2rkzy.q2.fbcubfhcq.pbz.w.03.a.sophosxl.net,1
www.estrongs.com,1
recommend-prism.htcsense.com,1
249.127.134.17.ip.03.a.sophosxl.net,1
apkrep.ff.avast.com,1
39.252.252.17.ip.02.a.sophosxl.net,1
alt4-mtalk.google.com,1
server.arcgisonline.com,1
657450fad47564256248941610553bc0a4b16456.p.00.a.sophosxl.net,1
tch78280.tch.quora.com,1
657450fad47564256248941610553bc0a4b16456.p.02.a.sophosxl.net,1
155.41.74.104.ip.02.a.sophosxl.net,1
cdn.api.twitter.com,1
129.32.125.162.ip.00.a.sophosxl.net,1
gncpgslbpro1.houston.hp.com,1
4-courier.push.apple.com,1
ghbtns.com,1
markdownplease.com,1
mmi720.whatsapp.net,1
173.82.249.54.ip.01.a.sophosxl.net,1
79.45.74.104.ip.01.a.sophosxl.net,1
1.pbasvthengvbaf-2scrc-2scvcryvar-2scvcryvar3-2rugzy.pbasvthengvba.nccyr.pbz.w.01.a.sophosxl.net,1
189.23.125.74.ip.01.a.sophosxl.net,1
apidata.googleusercontent.com,1
35.76.5.203.ip.01.a.sophosxl.net,1
1.ont.vavg-f01fg.chfu.nccyr.pbz.w.01.a.sophosxl.net,1
186.136.188.17.ip.01.a.sophosxl.net,1
7.193.60.179.ip.02.a.sophosxl.net,1
pyvragf4.tbbtyr.pbz.w.01.a.sophosxl.net,1
arkhfehyrf.bssvprnccf.yvir.pbz.w.01.a.sophosxl.net,1
d.turn.com,1
117.218.76.13.ip.01.a.sophosxl.net,1
1.gntf-2s1S335927-2s5311-2s4P74-2sO6Q5-2s788523S0N348-2sgnt-2rwf.pbasvthfn.irvagrenpgvir.pbz.w.00.a.sophosxl.net,1
36.193.60.179.ip.00.a.sophosxl.net,1
189.72.194.173.ip.02.a.sophosxl.net,1
hafj.wnzspybhq.pbz.w.01.a.sophosxl.net,1
linux.die.net,1
153.86.85.184.ip.01.a.sophosxl.net,1
i.scdn.co,1
1.acebkl-2sabgvsvpngvba-2si1-2strgAbgvsvpngvba.tun.ronl.pbz.nh.w.01.a.sophosxl.net,1
erqqvg.pbz.w.00.a.sophosxl.net,1
134.232.172.17.ip.03.a.sophosxl.net,1
incomeprotectionoptions.com.au,1
2.1.168.192.ip.01.a.sophosxl.net,1
0.192.168.1.2.w.01.a.sophosxl.net,1
128.3.107.13.ip.01.a.sophosxl.net,1
196.0.94.129.ip.02.a.sophosxl.net,1
pbasvt.rqtr.fxlcr.pbz.w.01.a.sophosxl.net,1
h20575.www2.hp.com,1
99.220.58.216.ip.01.a.sophosxl.net,1
gate.hockeyapp.net,1
170.114.149.54.ip.01.a.sophosxl.net,1
170.114.149.54.ip.00.a.sophosxl.net,1
s3-website-ap-southeast-2.amazonaws.com,1
gear.lifehacker.com,1
112.253.30.192.ip.01.a.sophosxl.net,1
ebay.chodientu.vn,1
52.29.204.52.ip.01.a.sophosxl.net,1
register.hp.com,1
d3obp2uqtdwp27.cloudfront.net,1
pnyraqne.tbbtyr.pbz.w.01.a.sophosxl.net,1
4.1o18sr00s2s17s4qp3357r61r830n2n4n9s7s44prqnpnpp978886rsn884n013.858p1r741p235393648s21p65q4p61r9111s87o30s48p8pq33r0491qs3r76rp.s31o4n872ss0p0743252rn01rno0163ppnn947srq1nson576p7r980snn361q9.1qq021r290612s0orq7.35ns20on49pqs800.i.02.mac.sophosxl.net,1
244.35.214.104.ip.01.a.sophosxl.net,1
78.199.58.216.ip.01.a.sophosxl.net,1
fgber.bssvpr.pbz.w.03.a.sophosxl.net,1
pyvragf6.tbbtyr.pbz.w.01.a.sophosxl.net,1
205.183.32.52.ip.01.a.sophosxl.net,1
53.252.252.17.ip.03.a.sophosxl.net,1
ncv.nppbhagf.sversbk.pbz.w.01.a.sophosxl.net,1
vms.boldchat.com,1
bdbbc02824d549f4277afdfdf5b81f4a7b6094a6.p.02.mac.sophosxl.net,1
125.26.253.17.ip.03.a.sophosxl.net,1
twocents.lifehacker.com,1
154.214.41.198.ip.03.a.sophosxl.net,1
1.pnpreg-2stfbetnavmngvbainyfun2t2e1-2rpeg.frpher.tybonyfvta.pbz.w.03.a.sophosxl.net,1
0.85.qbpf.tbbtyr.pbz.w.00.a.sophosxl.net,1
2129670914.log.optimizely.com,1
2.pbqr-5serivfvbaf-2s000-2s000-2s118-2sbevtvany-2slvryqvsl-5s1472.724462-2rwf.q33jd5trw88yq6.pybhqsebag.arg.w.00.a.sophosxl.net,1
es.python-requests.org,1
112.220.30.52.ip.00.a.sophosxl.net,1
1.flap.n.ibyiryyr.grpu.w.00.a.sophosxl.net,1
ovajnyx.bet.w.01.a.sophosxl.net,1
api.viglink.com,1
194.92.245.132.ip.03.a.sophosxl.net,1
bhgybbx.pbz.w.03.a.sophosxl.net,1
9.2.16.104.ip.00.a.sophosxl.net,1
sync.graph.bluecava.com,1
www.w3schools.com,1
pnyraqne.tbbtyr.pbz.w.03.a.sophosxl.net,1
www.pc-tools.net,1
pqa1.rireabgr.pbz.w.03.a.sophosxl.net,1
03eaaa5c81ac7a15b1852f78069470ab.clo.footprintdns.com,1
214.76.5.203.ip.01.a.sophosxl.net,1
alt5-mtalk.google.com,1
35.25.217.172.ip.01.a.sophosxl.net,1
hf1.fvgrvzcebir.pbz.w.01.a.sophosxl.net,1
vq.tbbtyr.pbz.nh.w.01.a.sophosxl.net,1
ir3e.com,1
13.149.126.75.ip.01.a.sophosxl.net,1
102.28.68.194.ip.02.a.sophosxl.net,1
243.66.20.104.ip.00.a.sophosxl.net,1
bpfc.tbqnqql.pbz.w.00.a.sophosxl.net,1
1.qvfpbire-2sfzneg-5scyht-2s.vubzrnhqvbvagy.pbz.w.00.a.sophosxl.net,1
wiki.wxpython.org,1
657450fad47564256248941610553bc0a4b16456.p.01.a.sophosxl.net,1
1.6712072-2s667764-2spff-2ssbagf-2rpff.pybhq.glcbtencul.pbz.w.00.a.sophosxl.net,1
143.28.101.151.ip.00.a.sophosxl.net,1
protejainternet.blogspot.pt,1
1.pff.sbagf.tbbtyrncvf.pbz.w.00.a.sophosxl.net,1
seal-us.bbb.org,1
129.32.125.162.ip.03.a.sophosxl.net,1
245.185.168.108.ip.00.a.sophosxl.net,1
frny-arjwrefrl.ooo.bet.w.00.a.sophosxl.net,1
1.zrgre-2svubzrnhqvb-2rpbz-2s102-2rtvs.pqa.ljkv.arg.w.00.a.sophosxl.net,1
105.179.209.52.ip.00.a.sophosxl.net,1
1.lvryqvsl-2spbqr-2rwf.ncc.lvryqvsl.pbz.w.00.a.sophosxl.net,1
sync.vmweb.net,1
146.155.248.17.ip.00.a.sophosxl.net,1
1.ncv-2sFrgPbbxvr-2s1S335927-2q5311-2q4P74-2qO6Q5-2q788523S0N348.pbbxvrh2.irvagrenpgvir.pbz.w.00.a.sophosxl.net,1
hmma.baidu.com,1
v-u2-apps-ap.eastus2.cloudapp.azure.com,1
3.1o19sr00s2s17s4qp34s90650630n2n4n9s7s44prqnpnpp978886rsn884n013.858p0r741p235393648s2s0508n30s39q8nr6s5rq7n44013037nq9535s8n5s2.q9431oqq23snq76573r3p46q83qr6344r6736n4ns970o9576p7r980sno.0p38pp960o850p4n5q68o3pr6pr41055ss68npn9.i.03.mac.sophosxl.net,1
1.trbybpngvba-2rwfba.trb.lvryqvsl.pbz.w.00.a.sophosxl.net,1
1.ncv-2sFlapPbbxvr.pbbxvrh2.irvagrenpgvir.pbz.w.00.a.sophosxl.net,1
www.tumblr.com,1
35.76.5.203.ip.03.a.sophosxl.net,1
cc.bingj.com,1
usersync.videoamp.com,1
11.135.192.54.ip.00.a.sophosxl.net,1
prod.reddit.map.fastlylb.net,1
37.199.58.216.ip.00.a.sophosxl.net,1
jjj.erqqvg.pbz.w.00.a.sophosxl.net,1
sprout.hp.com,1
189.187.233.64.ip.00.a.sophosxl.net,1
144.254.208.54.ip.00.a.sophosxl.net,1
forms.aweber.com,1
jalopnik.com,1
140.193.101.151.ip.00.a.sophosxl.net,1
alt3-mtalk.google.com,1
api.crittercism.com,1
jjj.or.hafj.rqh.nh.w.01.a.sophosxl.net,1
235.172.73.184.ip.00.a.sophosxl.net,1
207.219.52.65.ip.00.a.sophosxl.net,1
ratvar.n.erqqvgzrqvn.pbz.w.00.a.sophosxl.net,1
t.mookie1.com,1
query.ess-apple.com.akadns.net,1
185.48.74.104.ip.00.a.sophosxl.net,1
34.199.58.216.ip.00.a.sophosxl.net,1
154.215.41.198.ip.00.a.sophosxl.net,1
funine.freivprf.zbmvyyn.pbz.w.01.a.sophosxl.net,1
jjj.tybonyfvta.pbz.w.00.a.sophosxl.net,1
js.maxmind.com.cdn.cloudflare.net,1
www.l2.io,1
pfv.tfgngvp.pbz.w.00.a.sophosxl.net,1
f.fjvsglcrpqa.pbz.w.00.a.sophosxl.net,1
s3.gp1.wpc.v12cdn.net,1
mirror.ventraip.net.au,1
ersreere.qvfdhf.pbz.w.00.a.sophosxl.net,1
w.sharethis.com,1
subjects.ee.unsw.edu.au,1
www.washington.edu,1
pep8.org,1
175.155.248.17.ip.02.a.sophosxl.net,1
prod.a.ssl.us-eu.fastlylb.net,1
www.addthis.com,1
f.kinja-static.com,1
b.company-target.com,1
w.estat.com,1
64.52.101.151.ip.00.a.sophosxl.net,1
yvaxf.freivprf.qvfdhf.pbz.w.00.a.sophosxl.net,1
49.181.43.52.ip.00.a.sophosxl.net,1
e338bffd6563c7fd9835f888f1cae756ec0cf193.p.01.mac.sophosxl.net,1
www.phpbb.com,1
ncvf.tbbtyr.pbz.w.00.a.sophosxl.net,1
8.232.172.17.ip.01.a.sophosxl.net,1
117.218.76.13.ip.00.a.sophosxl.net,1
jjj.snprobbx.pbz.w.00.a.sophosxl.net,1
7.193.60.179.ip.00.a.sophosxl.net,1
sxp.mxptint.net,1
pixel-a.sitescout.com,1
fpbagrag-flq1-1.kk.sopqa.arg.w.00.a.sophosxl.net,1
help.gawker.com,1
126.30.101.23.ip.01.a.sophosxl.net,1
ffvs1.tybonyfvta.pbz.w.00.a.sophosxl.net,1
77.30.74.104.ip.00.a.sophosxl.net,1
xtra2.gpsonextra.net,1
1.ebirepyx-2s0-2s0-2s9.ebire.ronl.pbz.nh.w.00.a.sophosxl.net,1
134.232.172.17.ip.02.a.sophosxl.net,1
197.33.215.118.ip.00.a.sophosxl.net,1
12-courier.push.apple.com,1
1.gravatar.com,1
33.76.5.203.ip.00.a.sophosxl.net,1
178.28.68.194.ip.02.a.sophosxl.net,1
1.ont.vavg-c01fg.chfu.nccyr.pbz.w.00.a.sophosxl.net,1
cn.python-requests.org,1
10-courier.push.apple.com,1
34.252.252.17.ip.00.a.sophosxl.net,1
kfblunze.lan,1
46.58.74.104.ip.00.a.sophosxl.net,1
track.gaug.es,1
205.67.253.17.ip.00.a.sophosxl.net,1
tfcr1-ffy.yf.nccyr.pbz.w.00.a.sophosxl.net,1
gllto2.glpals.com,1
32.252.252.17.ip.03.a.sophosxl.net,1
docs.oracle.com,1
e5855.a.akamaiedge.net,1
august.com,1
33.25.217.172.ip.02.a.sophosxl.net,1
162.162.245.132.ip.03.a.sophosxl.net,1
ianadata.vip.icann.org,1
fr.python-requests.org,1
31.179.20.52.ip.01.a.sophosxl.net,1
us-iweb-fwd-05-lxc-02.withings.net,1
0.0.pyvrag-punaary.tbbtyr.pbz.w.00.a.sophosxl.net,1
242.23.245.132.ip.00.a.sophosxl.net,1
tg.flzpq.pbz.w.00.a.sophosxl.net,1
feedburner.google.com,1
64.109.99.23.ip.00.a.sophosxl.net,1
vine.co,1
ocsp.pki-apple.com.akadns.net,1
5.d.a.c.a.d.f.d.f.7.b.6.7.a.9.5.0.0.0.0.5.b.b.2.3.3.3.0.f.e.d.f.ip6.arpa,1
medium.com,1
de.pool.ntp.org,1
batch.upsight-api.com,1
78d78cbdee92940fde2b8016245abbaad0ece087.p.01.a.sophosxl.net,1
serversforhackers.disqus.com,1
allsiteassets.lankasri.netdna-cdn.com,1
130.165.245.132.ip.01.a.sophosxl.net,1
3.nccyr-2qnffrgf-2qhf-2qfgq-2q000001-2sChecyr71-2si4-2s77-2spq-2s.nr-2s77pqnr48-2q4717-2q0s0n-2qnrs6-2q96po71s7509q-2szmcf1246180.330348686268-2rcxt.bfknccf.vgharf.nccyr.pbz.w.03.a.sophosxl.net,1
comments.apache.org,1
nexus.ensighten.com,1
docs.python-requests.org,1
34.164.245.132.ip.01.a.sophosxl.net,1
129.32.125.162.ip.01.a.sophosxl.net,1
ml314.com,1
aka.spotxcdn.com,1
hackaday.io,1
sync.bfmio.com,1
jmakarkklfrvdvg.arcgisonline.com,1
ffy.tbbtyr-nanylgvpf.pbz.w.02.a.sophosxl.net,1
aircrack-ng.blogspot.com,1
www.pentesteracademy.com,1
www.mongodb.com,1
191.219.76.13.ip.03.a.sophosxl.net,1
deadstate.org,1
176.1.76.40.ip.01.a.sophosxl.net,1
scripts.demandbase.com,1
play.vidyard.com,1
cdn.captora.com,1
mitm.it,1
97.220.58.216.ip.01.a.sophosxl.net,1
script.crazyegg.com,1
s413370795.t.eloqua.com,1
pixel.captora.com,1
s.thebrighttag.com,1
gtrk.s3.amazonaws.com,1
maxcdn.bootstrapcdn.com,1
px.steelhousemedia.com,1
21135121.log.optimizely.com,1
api.olark.com,1
in.ml314.com,1
perpro22-as1a.ml314.com,1
163.25.217.172.ip.01.a.sophosxl.net,1
35.76.5.203.ip.00.a.sophosxl.net,1
nezzs.nqbor.pbz.w.03.a.sophosxl.net,1
5-courier.push.apple.com,1
224.160.88.52.ip.00.a.sophosxl.net,1
gist.githubusercontent.com,1
static.tp-link.com,1
p45-contacts-current.edge.icloud.apple-dns.net,1
95.72.194.173.ip.02.a.sophosxl.net,1
h20564.www2.hp.com,1
www.binaryhexconverter.com,1
s18.algovid.com,1
m.addthisedge.com,1
mc.algovid.com,1
ads.creative-serving.com,1
disp.tidaltv.com,1
i.ssix.io,1
fr.oki.ch,1
pm.w55c.net,1
serverfault.com,1
126.232.172.17.ip.02.a.sophosxl.net,1
adadvisor.net,1
cc.xtgreat.com,1
81.94.154.204.ip.01.a.sophosxl.net,1
c.eu1.dyntrk.com,1
t4.liverail.com,1
um.simpli.fi,1
log.adap.tv,1
pixel.tapad.com,1
httpbin.org,1
spotx-match.dotomi.com,1
80.170.61.168.ip.02.a.sophosxl.net,1
s.acxiomapac.com,1
grp16.ias.rakuten.co.jp,1
fnsroebjfvat-pnpur.tbbtyr.pbz.w.00.a.sophosxl.net,1
m.one.impact-ad.jp,1
nl.ccm.net,1
lh3.google.com,1
sekurak.pl,1
ajax.aspnetcdn.com,1
www.blinklist.com,1
www.hackread.com,1
www.ojrq.net,1
sb.scorecardresearch.com,1
tamilwin.net,1
digg.com,1
feeds.feedburner.com,1
youtu.be,1
news.ycombinator.com,1
posterous.com,1
reporter.es.msn.com,1
sphinn.com,1
www.nmap.org,1
www.stumbleupon.com,1
www.wi-fi.org,1
miudossegurosna.net,1
websegura.net,1
sstatic.net,1
d36ee2fcip1434.cloudfront.net,1
de.python-requests.org,1
docs.python-tablib.org,1
kennethreitz.org,1
pt.python-requests.org,1
freegeoip.net,1
h20566.www2.hp.com,1
www.instagram.com,1
use.fontawesome.com,1
google-code-prettify.googlecode.com,1
www.sharethis.com,1
cdn-gl.imrworldwide.com,1
h20000.www2.hp.com,1
www8.hp.com,1
esam.hp.com,1
h10025.www1.hp.com,1
softwaresupport.hp.com,1
support.arubanetworks.com,1
m.addthis.com,1
193.195.9.61.ip.02.a.sophosxl.net,1
met1.hp.com,1
ds-aksb-a.akamaihd.net,1
www.computerhope.com,1
s7.addthis.com,1
apache.uberglobalmirror.com,1
www.pythonware.com,1
www.rsasecurity.com,1
hackonadime.blogspot.com,1
www.ticketgoose.com,1
track2.yespath.com,1
downloadmanualpdf.blogspot.com,1
www.dell.com,1
www.tp-link.com.au,1
alt1-mtalk.google.com,1
p22-buy.itunes.apple.com,1
svn.apache.org,1
ssmgdfrwoigs.lan,1
150.232.172.17.ip.03.a.sophosxl.net,1