Amazon Echo,44:65:0d:56:cc:d3
Belkin wemo motion sensor,ec:1a:59:83:28:11
Belkin Wemo switch,ec:1a:59:79:f4:89
Blipcare Blood Pressure meter,74:6a:89:00:2e:25
Dropcam,30:8c:fb:2f:e4:b2
HP Printer,70:5a:0f:e4:9b:c0
iHome,74:c6:3b:29:d7:1d
Insteon Camera,00:62:6e:51:27:2e
Insteon Camera,e8:ab:fa:19:de:4f
Light Bulbs LiFX Smart Bulb,d0:73:d5:01:83:08
Nest Dropcam,30:8c:fb:b6:ea:45
NEST Protect smoke alarm,18:b4:30:25:be:e4
Netatmo weather station,70:ee:50:03:b8:ac
Netatmo Welcome,70:ee:50:18:34:43
PIX-STAR Photo-frame,e0:76:d0:33:bb:85
Samsung SmartCam,00:16:6c:ab:6b:88
Smart Things,d0:52:a8:00:67:5e
TP-Link Day Night Cloud camera,f4:f2:6d:93:51:f1
TP-Link Smart plug,50:c7:bf:00:56:39
Triby Speaker,18:b7:9e:02:20:44
Withings Aura smart sleep sensor,00:24:e4:20:28:c6
Withings Smart Baby Monitor,00:24:e4:11:18:a8
Withings Smart scale,00:24:e4:1b:6f:96
Withings Baby Monitor,00:24:e4:10:ee:4c